,spec_id,charge,ion,ionnumber,mz,prediction,modifications,peptide
0,0,5,B,1,164.071,0.0,-,YYCFQGSGYPFTFGGGTKVEIKRTVAAPSVFIFPPSDEQLK
1,0,5,B,2,327.134,0.103173,-,YYCFQGSGYPFTFGGGTKVEIKRTVAAPSVFIFPPSDEQLK
2,0,5,B,3,430.143,0.0043491,-,YYCFQGSGYPFTFGGGTKVEIKRTVAAPSVFIFPPSDEQLK
3,0,5,B,4,577.211,0.00124121,-,YYCFQGSGYPFTFGGGTKVEIKRTVAAPSVFIFPPSDEQLK
4,0,5,B,5,705.27,0.0043725,-,YYCFQGSGYPFTFGGGTKVEIKRTVAAPSVFIFPPSDEQLK
5,0,5,B,6,762.292,0.0174562,-,YYCFQGSGYPFTFGGGTKVEIKRTVAAPSVFIFPPSDEQLK
6,0,5,B,7,849.324,0.00149201,-,YYCFQGSGYPFTFGGGTKVEIKRTVAAPSVFIFPPSDEQLK
7,0,5,B,8,906.345,0.00892716,-,YYCFQGSGYPFTFGGGTKVEIKRTVAAPSVFIFPPSDEQLK
8,0,5,B,9,1069.41,0.000619333,-,YYCFQGSGYPFTFGGGTKVEIKRTVAAPSVFIFPPSDEQLK
9,0,5,B,10,1166.46,0.00166097,-,YYCFQGSGYPFTFGGGTKVEIKRTVAAPSVFIFPPSDEQLK
10,0,5,B,11,1313.53,0.0,-,YYCFQGSGYPFTFGGGTKVEIKRTVAAPSVFIFPPSDEQLK
11,0,5,B,12,1414.58,0.0,-,YYCFQGSGYPFTFGGGTKVEIKRTVAAPSVFIFPPSDEQLK
12,0,5,B,13,1561.65,0.0,-,YYCFQGSGYPFTFGGGTKVEIKRTVAAPSVFIFPPSDEQLK
13,0,5,B,14,1618.67,0.00175854,-,YYCFQGSGYPFTFGGGTKVEIKRTVAAPSVFIFPPSDEQLK
14,0,5,B,15,1675.69,0.0,-,YYCFQGSGYPFTFGGGTKVEIKRTVAAPSVFIFPPSDEQLK
15,0,5,B,16,1732.71,0.0,-,YYCFQGSGYPFTFGGGTKVEIKRTVAAPSVFIFPPSDEQLK
16,0,5,B,17,1833.76,0.0,-,YYCFQGSGYPFTFGGGTKVEIKRTVAAPSVFIFPPSDEQLK
17,0,5,B,18,1961.85,0.0,-,YYCFQGSGYPFTFGGGTKVEIKRTVAAPSVFIFPPSDEQLK
18,0,5,B,19,2060.92,0.0,-,YYCFQGSGYPFTFGGGTKVEIKRTVAAPSVFIFPPSDEQLK
19,0,5,B,20,2189.96,0.0,-,YYCFQGSGYPFTFGGGTKVEIKRTVAAPSVFIFPPSDEQLK
20,0,5,B,21,2303.05,0.0,-,YYCFQGSGYPFTFGGGTKVEIKRTVAAPSVFIFPPSDEQLK
21,0,5,B,22,2431.14,0.0,-,YYCFQGSGYPFTFGGGTKVEIKRTVAAPSVFIFPPSDEQLK
22,0,5,B,23,2587.24,0.000434483,-,YYCFQGSGYPFTFGGGTKVEIKRTVAAPSVFIFPPSDEQLK
23,0,5,B,24,2688.29,0.000622205,-,YYCFQGSGYPFTFGGGTKVEIKRTVAAPSVFIFPPSDEQLK
24,0,5,B,25,2787.36,0.000254906,-,YYCFQGSGYPFTFGGGTKVEIKRTVAAPSVFIFPPSDEQLK
25,0,5,B,26,2858.4,0.00156303,-,YYCFQGSGYPFTFGGGTKVEIKRTVAAPSVFIFPPSDEQLK
26,0,5,B,27,2929.43,0.00223859,-,YYCFQGSGYPFTFGGGTKVEIKRTVAAPSVFIFPPSDEQLK
27,0,5,B,28,3026.49,0.00214241,-,YYCFQGSGYPFTFGGGTKVEIKRTVAAPSVFIFPPSDEQLK
28,0,5,B,29,3113.52,0.00190104,-,YYCFQGSGYPFTFGGGTKVEIKRTVAAPSVFIFPPSDEQLK
29,0,5,B,30,3212.59,0.000114301,-,YYCFQGSGYPFTFGGGTKVEIKRTVAAPSVFIFPPSDEQLK
30,0,5,B,31,3359.66,0.000106069,-,YYCFQGSGYPFTFGGGTKVEIKRTVAAPSVFIFPPSDEQLK
31,0,5,B,32,3472.74,0.000113803,-,YYCFQGSGYPFTFGGGTKVEIKRTVAAPSVFIFPPSDEQLK
32,0,5,B,33,3619.81,0.0,-,YYCFQGSGYPFTFGGGTKVEIKRTVAAPSVFIFPPSDEQLK
33,0,5,B,34,3716.86,8.36524e-05,-,YYCFQGSGYPFTFGGGTKVEIKRTVAAPSVFIFPPSDEQLK
34,0,5,B,35,3813.91,0.000471598,-,YYCFQGSGYPFTFGGGTKVEIKRTVAAPSVFIFPPSDEQLK
35,0,5,B,36,3900.95,0.00093432,-,YYCFQGSGYPFTFGGGTKVEIKRTVAAPSVFIFPPSDEQLK
36,0,5,B,37,4015.97,0.000548508,-,YYCFQGSGYPFTFGGGTKVEIKRTVAAPSVFIFPPSDEQLK
37,0,5,B,38,4145.01,0.0,-,YYCFQGSGYPFTFGGGTKVEIKRTVAAPSVFIFPPSDEQLK
38,0,5,B,39,4273.07,0.0,-,YYCFQGSGYPFTFGGGTKVEIKRTVAAPSVFIFPPSDEQLK
39,0,5,B,40,4386.16,0.0,-,YYCFQGSGYPFTFGGGTKVEIKRTVAAPSVFIFPPSDEQLK
40,0,5,Y,1,147.113,0.0864039,-,YYCFQGSGYPFTFGGGTKVEIKRTVAAPSVFIFPPSDEQLK
41,0,5,Y,2,260.197,0.0262074,-,YYCFQGSGYPFTFGGGTKVEIKRTVAAPSVFIFPPSDEQLK
42,0,5,Y,3,388.255,0.0100205,-,YYCFQGSGYPFTFGGGTKVEIKRTVAAPSVFIFPPSDEQLK
43,0,5,Y,4,517.298,0.0262398,-,YYCFQGSGYPFTFGGGTKVEIKRTVAAPSVFIFPPSDEQLK
44,0,5,Y,5,632.325,0.00984243,-,YYCFQGSGYPFTFGGGTKVEIKRTVAAPSVFIFPPSDEQLK
45,0,5,Y,6,719.357,0.0254424,-,YYCFQGSGYPFTFGGGTKVEIKRTVAAPSVFIFPPSDEQLK
46,0,5,Y,7,816.41,0.123928,-,YYCFQGSGYPFTFGGGTKVEIKRTVAAPSVFIFPPSDEQLK
47,0,5,Y,8,913.463,0.306302,-,YYCFQGSGYPFTFGGGTKVEIKRTVAAPSVFIFPPSDEQLK
48,0,5,Y,9,1060.53,0.0934618,-,YYCFQGSGYPFTFGGGTKVEIKRTVAAPSVFIFPPSDEQLK
49,0,5,Y,10,1173.62,0.056058,-,YYCFQGSGYPFTFGGGTKVEIKRTVAAPSVFIFPPSDEQLK
50,0,5,Y,11,1320.68,0.0273771,-,YYCFQGSGYPFTFGGGTKVEIKRTVAAPSVFIFPPSDEQLK
51,0,5,Y,12,1419.75,0.00743615,-,YYCFQGSGYPFTFGGGTKVEIKRTVAAPSVFIFPPSDEQLK
52,0,5,Y,13,1506.78,0.00653123,-,YYCFQGSGYPFTFGGGTKVEIKRTVAAPSVFIFPPSDEQLK
53,0,5,Y,14,1603.84,0.020968,-,YYCFQGSGYPFTFGGGTKVEIKRTVAAPSVFIFPPSDEQLK
54,0,5,Y,15,1674.87,0.00408917,-,YYCFQGSGYPFTFGGGTKVEIKRTVAAPSVFIFPPSDEQLK
55,0,5,Y,16,1745.91,0.00321546,-,YYCFQGSGYPFTFGGGTKVEIKRTVAAPSVFIFPPSDEQLK
56,0,5,Y,17,1844.98,0.000684402,-,YYCFQGSGYPFTFGGGTKVEIKRTVAAPSVFIFPPSDEQLK
57,0,5,Y,18,1946.03,0.00031153,-,YYCFQGSGYPFTFGGGTKVEIKRTVAAPSVFIFPPSDEQLK
58,0,5,Y,19,2102.13,0.0020467,-,YYCFQGSGYPFTFGGGTKVEIKRTVAAPSVFIFPPSDEQLK
59,0,5,Y,20,2230.22,0.000827555,-,YYCFQGSGYPFTFGGGTKVEIKRTVAAPSVFIFPPSDEQLK
60,0,5,Y,21,2343.31,0.00107609,-,YYCFQGSGYPFTFGGGTKVEIKRTVAAPSVFIFPPSDEQLK
61,0,5,Y,22,2472.35,0.00208727,-,YYCFQGSGYPFTFGGGTKVEIKRTVAAPSVFIFPPSDEQLK
62,0,5,Y,23,2571.42,1.72431e-05,-,YYCFQGSGYPFTFGGGTKVEIKRTVAAPSVFIFPPSDEQLK
63,0,5,Y,24,2699.51,0.000318291,-,YYCFQGSGYPFTFGGGTKVEIKRTVAAPSVFIFPPSDEQLK
64,0,5,Y,25,2800.56,0.0,-,YYCFQGSGYPFTFGGGTKVEIKRTVAAPSVFIFPPSDEQLK
65,0,5,Y,26,2857.58,0.000755465,-,YYCFQGSGYPFTFGGGTKVEIKRTVAAPSVFIFPPSDEQLK
66,0,5,Y,27,2914.6,0.000216537,-,YYCFQGSGYPFTFGGGTKVEIKRTVAAPSVFIFPPSDEQLK
67,0,5,Y,28,2971.62,0.000692992,-,YYCFQGSGYPFTFGGGTKVEIKRTVAAPSVFIFPPSDEQLK
68,0,5,Y,29,3118.69,1.54588e-05,-,YYCFQGSGYPFTFGGGTKVEIKRTVAAPSVFIFPPSDEQLK
69,0,5,Y,30,3219.74,5.42286e-05,-,YYCFQGSGYPFTFGGGTKVEIKRTVAAPSVFIFPPSDEQLK
70,0,5,Y,31,3366.81,0.0,-,YYCFQGSGYPFTFGGGTKVEIKRTVAAPSVFIFPPSDEQLK
71,0,5,Y,32,3463.86,0.000169943,-,YYCFQGSGYPFTFGGGTKVEIKRTVAAPSVFIFPPSDEQLK
72,0,5,Y,33,3626.93,0.000168539,-,YYCFQGSGYPFTFGGGTKVEIKRTVAAPSVFIFPPSDEQLK
73,0,5,Y,34,3683.95,0.0,-,YYCFQGSGYPFTFGGGTKVEIKRTVAAPSVFIFPPSDEQLK
74,0,5,Y,35,3770.98,0.0,-,YYCFQGSGYPFTFGGGTKVEIKRTVAAPSVFIFPPSDEQLK
75,0,5,Y,36,3828.0,0.000129335,-,YYCFQGSGYPFTFGGGTKVEIKRTVAAPSVFIFPPSDEQLK
76,0,5,Y,37,3956.06,0.000325495,-,YYCFQGSGYPFTFGGGTKVEIKRTVAAPSVFIFPPSDEQLK
77,0,5,Y,38,4103.13,0.0,-,YYCFQGSGYPFTFGGGTKVEIKRTVAAPSVFIFPPSDEQLK
78,0,5,Y,39,4206.14,0.0,-,YYCFQGSGYPFTFGGGTKVEIKRTVAAPSVFIFPPSDEQLK
79,0,5,Y,40,4369.2,0.0,-,YYCFQGSGYPFTFGGGTKVEIKRTVAAPSVFIFPPSDEQLK
80,1,3,B,1,164.071,0.0,-,YYCFQGSGYPFTFGGGTKVEIKR
81,1,3,B,2,327.134,0.161751,-,YYCFQGSGYPFTFGGGTKVEIKR
82,1,3,B,3,430.143,0.00556535,-,YYCFQGSGYPFTFGGGTKVEIKR
83,1,3,B,4,577.211,0.0001799,-,YYCFQGSGYPFTFGGGTKVEIKR
84,1,3,B,5,705.27,0.000290791,-,YYCFQGSGYPFTFGGGTKVEIKR
85,1,3,B,6,762.292,0.0199266,-,YYCFQGSGYPFTFGGGTKVEIKR
86,1,3,B,7,849.324,0.0,-,YYCFQGSGYPFTFGGGTKVEIKR
87,1,3,B,8,906.345,0.00653775,-,YYCFQGSGYPFTFGGGTKVEIKR
88,1,3,B,9,1069.41,0.0,-,YYCFQGSGYPFTFGGGTKVEIKR
89,1,3,B,10,1166.46,0.000178195,-,YYCFQGSGYPFTFGGGTKVEIKR
90,1,3,B,11,1313.53,0.0,-,YYCFQGSGYPFTFGGGTKVEIKR
91,1,3,B,12,1414.58,0.0,-,YYCFQGSGYPFTFGGGTKVEIKR
92,1,3,B,13,1561.65,0.00192863,-,YYCFQGSGYPFTFGGGTKVEIKR
93,1,3,B,14,1618.67,0.0,-,YYCFQGSGYPFTFGGGTKVEIKR
94,1,3,B,15,1675.69,0.0,-,YYCFQGSGYPFTFGGGTKVEIKR
95,1,3,B,16,1732.71,0.000587072,-,YYCFQGSGYPFTFGGGTKVEIKR
96,1,3,B,17,1833.76,0.00117593,-,YYCFQGSGYPFTFGGGTKVEIKR
97,1,3,B,18,1961.85,0.000115006,-,YYCFQGSGYPFTFGGGTKVEIKR
98,1,3,B,19,2060.92,6.51939e-05,-,YYCFQGSGYPFTFGGGTKVEIKR
99,1,3,B,20,2189.96,4.8266e-06,-,YYCFQGSGYPFTFGGGTKVEIKR
100,1,3,B,21,2303.05,0.0,-,YYCFQGSGYPFTFGGGTKVEIKR
101,1,3,B,22,2431.14,0.0,-,YYCFQGSGYPFTFGGGTKVEIKR
102,1,3,Y,1,175.119,0.144141,-,YYCFQGSGYPFTFGGGTKVEIKR
103,1,3,Y,2,303.214,0.0227976,-,YYCFQGSGYPFTFGGGTKVEIKR
104,1,3,Y,3,416.298,0.0667173,-,YYCFQGSGYPFTFGGGTKVEIKR
105,1,3,Y,4,545.341,0.0729543,-,YYCFQGSGYPFTFGGGTKVEIKR
106,1,3,Y,5,644.409,0.0774628,-,YYCFQGSGYPFTFGGGTKVEIKR
107,1,3,Y,6,772.504,0.0295117,-,YYCFQGSGYPFTFGGGTKVEIKR
108,1,3,Y,7,873.552,0.00901167,-,YYCFQGSGYPFTFGGGTKVEIKR
109,1,3,Y,8,930.573,0.0296297,-,YYCFQGSGYPFTFGGGTKVEIKR
110,1,3,Y,9,987.595,0.0287389,-,YYCFQGSGYPFTFGGGTKVEIKR
111,1,3,Y,10,1044.62,0.100752,-,YYCFQGSGYPFTFGGGTKVEIKR
112,1,3,Y,11,1191.68,0.0947105,-,YYCFQGSGYPFTFGGGTKVEIKR
113,1,3,Y,12,1292.73,0.0538335,-,YYCFQGSGYPFTFGGGTKVEIKR
114,1,3,Y,13,1439.8,0.0110821,-,YYCFQGSGYPFTFGGGTKVEIKR
115,1,3,Y,14,1536.85,0.0571814,-,YYCFQGSGYPFTFGGGTKVEIKR
116,1,3,Y,15,1699.92,0.0,-,YYCFQGSGYPFTFGGGTKVEIKR
117,1,3,Y,16,1756.94,0.000192649,-,YYCFQGSGYPFTFGGGTKVEIKR
118,1,3,Y,17,1843.97,3.3719e-05,-,YYCFQGSGYPFTFGGGTKVEIKR
119,1,3,Y,18,1900.99,0.00209595,-,YYCFQGSGYPFTFGGGTKVEIKR
120,1,3,Y,19,2029.05,0.000563704,-,YYCFQGSGYPFTFGGGTKVEIKR
121,1,3,Y,20,2176.12,0.000127124,-,YYCFQGSGYPFTFGGGTKVEIKR
122,1,3,Y,21,2279.13,0.000155939,-,YYCFQGSGYPFTFGGGTKVEIKR
123,1,3,Y,22,2442.19,0.0,-,YYCFQGSGYPFTFGGGTKVEIKR
124,2,6,B,1,164.071,0.0,-,YYCFQGSGYPFTFGGGTKVEIK
125,2,6,B,2,327.134,0.127734,-,YYCFQGSGYPFTFGGGTKVEIK
126,2,6,B,3,430.143,0.00249105,-,YYCFQGSGYPFTFGGGTKVEIK
127,2,6,B,4,577.211,0.0,-,YYCFQGSGYPFTFGGGTKVEIK
128,2,6,B,5,705.27,0.0,-,YYCFQGSGYPFTFGGGTKVEIK
129,2,6,B,6,762.292,0.0193034,-,YYCFQGSGYPFTFGGGTKVEIK
130,2,6,B,7,849.324,0.00217614,-,YYCFQGSGYPFTFGGGTKVEIK
131,2,6,B,8,906.345,0.0114842,-,YYCFQGSGYPFTFGGGTKVEIK
132,2,6,B,9,1069.41,0.00388292,-,YYCFQGSGYPFTFGGGTKVEIK
133,2,6,B,10,1166.46,0.00177179,-,YYCFQGSGYPFTFGGGTKVEIK
134,2,6,B,11,1313.53,0.000151262,-,YYCFQGSGYPFTFGGGTKVEIK
135,2,6,B,12,1414.58,0.0,-,YYCFQGSGYPFTFGGGTKVEIK
136,2,6,B,13,1561.65,5.27272e-05,-,YYCFQGSGYPFTFGGGTKVEIK
137,2,6,B,14,1618.67,0.0018326,-,YYCFQGSGYPFTFGGGTKVEIK
138,2,6,B,15,1675.69,0.00135753,-,YYCFQGSGYPFTFGGGTKVEIK
139,2,6,B,16,1732.71,0.00119169,-,YYCFQGSGYPFTFGGGTKVEIK
140,2,6,B,17,1833.76,0.00112758,-,YYCFQGSGYPFTFGGGTKVEIK
141,2,6,B,18,1961.85,7.46595e-05,-,YYCFQGSGYPFTFGGGTKVEIK
142,2,6,B,19,2060.92,0.000668504,-,YYCFQGSGYPFTFGGGTKVEIK
143,2,6,B,20,2189.96,0.000122227,-,YYCFQGSGYPFTFGGGTKVEIK
144,2,6,B,21,2303.05,0.000184769,-,YYCFQGSGYPFTFGGGTKVEIK
145,2,6,Y,1,147.113,0.0899216,-,YYCFQGSGYPFTFGGGTKVEIK
146,2,6,Y,2,260.197,0.178042,-,YYCFQGSGYPFTFGGGTKVEIK
147,2,6,Y,3,389.239,0.0520652,-,YYCFQGSGYPFTFGGGTKVEIK
148,2,6,Y,4,488.308,0.0474825,-,YYCFQGSGYPFTFGGGTKVEIK
149,2,6,Y,5,616.403,0.0268891,-,YYCFQGSGYPFTFGGGTKVEIK
150,2,6,Y,6,717.451,0.00712003,-,YYCFQGSGYPFTFGGGTKVEIK
151,2,6,Y,7,774.472,0.0315092,-,YYCFQGSGYPFTFGGGTKVEIK
152,2,6,Y,8,831.493,0.0480289,-,YYCFQGSGYPFTFGGGTKVEIK
153,2,6,Y,9,888.515,0.163974,-,YYCFQGSGYPFTFGGGTKVEIK
154,2,6,Y,10,1035.58,0.0554489,-,YYCFQGSGYPFTFGGGTKVEIK
155,2,6,Y,11,1136.63,0.0545528,-,YYCFQGSGYPFTFGGGTKVEIK
156,2,6,Y,12,1283.7,0.0129604,-,YYCFQGSGYPFTFGGGTKVEIK
157,2,6,Y,13,1380.75,0.0431449,-,YYCFQGSGYPFTFGGGTKVEIK
158,2,6,Y,14,1543.82,0.000906502,-,YYCFQGSGYPFTFGGGTKVEIK
159,2,6,Y,15,1600.84,0.0048513,-,YYCFQGSGYPFTFGGGTKVEIK
160,2,6,Y,16,1687.87,0.00109447,-,YYCFQGSGYPFTFGGGTKVEIK
161,2,6,Y,17,1744.89,0.00534139,-,YYCFQGSGYPFTFGGGTKVEIK
162,2,6,Y,18,1872.95,0.000580747,-,YYCFQGSGYPFTFGGGTKVEIK
163,2,6,Y,19,2020.02,0.0,-,YYCFQGSGYPFTFGGGTKVEIK
164,2,6,Y,20,2123.03,0.00048027,-,YYCFQGSGYPFTFGGGTKVEIK
165,2,6,Y,21,2286.09,0.0,-,YYCFQGSGYPFTFGGGTKVEIK
166,3,5,B,1,164.071,0.0,-,YYCFQGSGYPFTFGGGTKVEIK
167,3,5,B,2,327.134,0.122521,-,YYCFQGSGYPFTFGGGTKVEIK
168,3,5,B,3,430.143,0.00313327,-,YYCFQGSGYPFTFGGGTKVEIK
169,3,5,B,4,577.211,0.0,-,YYCFQGSGYPFTFGGGTKVEIK
170,3,5,B,5,705.27,0.0,-,YYCFQGSGYPFTFGGGTKVEIK
171,3,5,B,6,762.292,0.0187373,-,YYCFQGSGYPFTFGGGTKVEIK
172,3,5,B,7,849.324,0.0026176,-,YYCFQGSGYPFTFGGGTKVEIK
173,3,5,B,8,906.345,0.0113191,-,YYCFQGSGYPFTFGGGTKVEIK
174,3,5,B,9,1069.41,0.00415632,-,YYCFQGSGYPFTFGGGTKVEIK
175,3,5,B,10,1166.46,0.0019618,-,YYCFQGSGYPFTFGGGTKVEIK
176,3,5,B,11,1313.53,0.000327393,-,YYCFQGSGYPFTFGGGTKVEIK
177,3,5,B,12,1414.58,0.0,-,YYCFQGSGYPFTFGGGTKVEIK
178,3,5,B,13,1561.65,0.000149777,-,YYCFQGSGYPFTFGGGTKVEIK
179,3,5,B,14,1618.67,0.00134871,-,YYCFQGSGYPFTFGGGTKVEIK
180,3,5,B,15,1675.69,0.00109326,-,YYCFQGSGYPFTFGGGTKVEIK
181,3,5,B,16,1732.71,0.000968523,-,YYCFQGSGYPFTFGGGTKVEIK
182,3,5,B,17,1833.76,0.000935811,-,YYCFQGSGYPFTFGGGTKVEIK
183,3,5,B,18,1961.85,0.0,-,YYCFQGSGYPFTFGGGTKVEIK
184,3,5,B,19,2060.92,0.000504869,-,YYCFQGSGYPFTFGGGTKVEIK
185,3,5,B,20,2189.96,0.0,-,YYCFQGSGYPFTFGGGTKVEIK
186,3,5,B,21,2303.05,5.17648e-05,-,YYCFQGSGYPFTFGGGTKVEIK
187,3,5,Y,1,147.113,0.10679,-,YYCFQGSGYPFTFGGGTKVEIK
188,3,5,Y,2,260.197,0.209344,-,YYCFQGSGYPFTFGGGTKVEIK
189,3,5,Y,3,389.239,0.0577584,-,YYCFQGSGYPFTFGGGTKVEIK
190,3,5,Y,4,488.308,0.052303,-,YYCFQGSGYPFTFGGGTKVEIK
191,3,5,Y,5,616.403,0.0250126,-,YYCFQGSGYPFTFGGGTKVEIK
192,3,5,Y,6,717.451,0.00699449,-,YYCFQGSGYPFTFGGGTKVEIK
193,3,5,Y,7,774.472,0.0284824,-,YYCFQGSGYPFTFGGGTKVEIK
194,3,5,Y,8,831.493,0.0444761,-,YYCFQGSGYPFTFGGGTKVEIK
195,3,5,Y,9,888.515,0.144651,-,YYCFQGSGYPFTFGGGTKVEIK
196,3,5,Y,10,1035.58,0.0495399,-,YYCFQGSGYPFTFGGGTKVEIK
197,3,5,Y,11,1136.63,0.0438981,-,YYCFQGSGYPFTFGGGTKVEIK
198,3,5,Y,12,1283.7,0.0105086,-,YYCFQGSGYPFTFGGGTKVEIK
199,3,5,Y,13,1380.75,0.0391658,-,YYCFQGSGYPFTFGGGTKVEIK
200,3,5,Y,14,1543.82,0.000812055,-,YYCFQGSGYPFTFGGGTKVEIK
201,3,5,Y,15,1600.84,0.00402976,-,YYCFQGSGYPFTFGGGTKVEIK
202,3,5,Y,16,1687.87,0.000984767,-,YYCFQGSGYPFTFGGGTKVEIK
203,3,5,Y,17,1744.89,0.00491396,-,YYCFQGSGYPFTFGGGTKVEIK
204,3,5,Y,18,1872.95,0.000508029,-,YYCFQGSGYPFTFGGGTKVEIK
205,3,5,Y,19,2020.02,0.0,-,YYCFQGSGYPFTFGGGTKVEIK
206,3,5,Y,20,2123.03,0.0,-,YYCFQGSGYPFTFGGGTKVEIK
207,3,5,Y,21,2286.09,0.0,-,YYCFQGSGYPFTFGGGTKVEIK
208,4,4,B,1,164.071,0.0,-,YYCFQGSGYPFTFGGGTKVEIK
209,4,4,B,2,327.134,0.115608,-,YYCFQGSGYPFTFGGGTKVEIK
210,4,4,B,3,430.143,0.00414489,-,YYCFQGSGYPFTFGGGTKVEIK
211,4,4,B,4,577.211,0.0,-,YYCFQGSGYPFTFGGGTKVEIK
212,4,4,B,5,705.27,0.0,-,YYCFQGSGYPFTFGGGTKVEIK
213,4,4,B,6,762.292,0.0172158,-,YYCFQGSGYPFTFGGGTKVEIK
214,4,4,B,7,849.324,0.00401319,-,YYCFQGSGYPFTFGGGTKVEIK
215,4,4,B,8,906.345,0.0123373,-,YYCFQGSGYPFTFGGGTKVEIK
216,4,4,B,9,1069.41,0.00365384,-,YYCFQGSGYPFTFGGGTKVEIK
217,4,4,B,10,1166.46,0.00148255,-,YYCFQGSGYPFTFGGGTKVEIK
218,4,4,B,11,1313.53,9.96834e-05,-,YYCFQGSGYPFTFGGGTKVEIK
219,4,4,B,12,1414.58,0.0,-,YYCFQGSGYPFTFGGGTKVEIK
220,4,4,B,13,1561.65,8.7933e-06,-,YYCFQGSGYPFTFGGGTKVEIK
221,4,4,B,14,1618.67,0.0012115,-,YYCFQGSGYPFTFGGGTKVEIK
222,4,4,B,15,1675.69,0.000921784,-,YYCFQGSGYPFTFGGGTKVEIK
223,4,4,B,16,1732.71,0.000737161,-,YYCFQGSGYPFTFGGGTKVEIK
224,4,4,B,17,1833.76,0.000865853,-,YYCFQGSGYPFTFGGGTKVEIK
225,4,4,B,18,1961.85,0.0,-,YYCFQGSGYPFTFGGGTKVEIK
226,4,4,B,19,2060.92,0.000419652,-,YYCFQGSGYPFTFGGGTKVEIK
227,4,4,B,20,2189.96,0.0,-,YYCFQGSGYPFTFGGGTKVEIK
228,4,4,B,21,2303.05,3.37124e-05,-,YYCFQGSGYPFTFGGGTKVEIK
229,4,4,Y,1,147.113,0.0997617,-,YYCFQGSGYPFTFGGGTKVEIK
230,4,4,Y,2,260.197,0.189105,-,YYCFQGSGYPFTFGGGTKVEIK
231,4,4,Y,3,389.239,0.0550718,-,YYCFQGSGYPFTFGGGTKVEIK
232,4,4,Y,4,488.308,0.0475943,-,YYCFQGSGYPFTFGGGTKVEIK
233,4,4,Y,5,616.403,0.0222932,-,YYCFQGSGYPFTFGGGTKVEIK
234,4,4,Y,6,717.451,0.00677775,-,YYCFQGSGYPFTFGGGTKVEIK
235,4,4,Y,7,774.472,0.0292172,-,YYCFQGSGYPFTFGGGTKVEIK
236,4,4,Y,8,831.493,0.0459211,-,YYCFQGSGYPFTFGGGTKVEIK
237,4,4,Y,9,888.515,0.189955,-,YYCFQGSGYPFTFGGGTKVEIK
238,4,4,Y,10,1035.58,0.0652335,-,YYCFQGSGYPFTFGGGTKVEIK
239,4,4,Y,11,1136.63,0.0421624,-,YYCFQGSGYPFTFGGGTKVEIK
240,4,4,Y,12,1283.7,0.0126632,-,YYCFQGSGYPFTFGGGTKVEIK
241,4,4,Y,13,1380.75,0.0252639,-,YYCFQGSGYPFTFGGGTKVEIK
242,4,4,Y,14,1543.82,0.000349398,-,YYCFQGSGYPFTFGGGTKVEIK
243,4,4,Y,15,1600.84,0.00243845,-,YYCFQGSGYPFTFGGGTKVEIK
244,4,4,Y,16,1687.87,0.000175193,-,YYCFQGSGYPFTFGGGTKVEIK
245,4,4,Y,17,1744.89,0.00297137,-,YYCFQGSGYPFTFGGGTKVEIK
246,4,4,Y,18,1872.95,0.000292426,-,YYCFQGSGYPFTFGGGTKVEIK
247,4,4,Y,19,2020.02,0.0,-,YYCFQGSGYPFTFGGGTKVEIK
248,4,4,Y,20,2123.03,0.0,-,YYCFQGSGYPFTFGGGTKVEIK
249,4,4,Y,21,2286.09,0.0,-,YYCFQGSGYPFTFGGGTKVEIK
250,13,3,B,1,164.071,2.21095e-05,-,YYCFQGSGYPFTFGGGTKVEIK
251,13,3,B,2,327.134,0.109894,-,YYCFQGSGYPFTFGGGTKVEIK
252,13,3,B,3,430.143,0.00378124,-,YYCFQGSGYPFTFGGGTKVEIK
253,13,3,B,4,577.211,2.06429e-05,-,YYCFQGSGYPFTFGGGTKVEIK
254,13,3,B,5,705.27,0.0,-,YYCFQGSGYPFTFGGGTKVEIK
255,13,3,B,6,762.292,0.016303,-,YYCFQGSGYPFTFGGGTKVEIK
256,13,3,B,7,849.324,0.00192603,-,YYCFQGSGYPFTFGGGTKVEIK
257,13,3,B,8,906.345,0.00841827,-,YYCFQGSGYPFTFGGGTKVEIK
258,13,3,B,9,1069.41,0.00520226,-,YYCFQGSGYPFTFGGGTKVEIK
259,13,3,B,10,1166.46,0.00188776,-,YYCFQGSGYPFTFGGGTKVEIK
260,13,3,B,11,1313.53,0.00190816,-,YYCFQGSGYPFTFGGGTKVEIK
261,13,3,B,12,1414.58,0.0,-,YYCFQGSGYPFTFGGGTKVEIK
262,13,3,B,13,1561.65,0.0,-,YYCFQGSGYPFTFGGGTKVEIK
263,13,3,B,14,1618.67,0.00147281,-,YYCFQGSGYPFTFGGGTKVEIK
264,13,3,B,15,1675.69,0.00074051,-,YYCFQGSGYPFTFGGGTKVEIK
265,13,3,B,16,1732.71,0.000938012,-,YYCFQGSGYPFTFGGGTKVEIK
266,13,3,B,17,1833.76,0.000585309,-,YYCFQGSGYPFTFGGGTKVEIK
267,13,3,B,18,1961.85,5.66149e-05,-,YYCFQGSGYPFTFGGGTKVEIK
268,13,3,B,19,2060.92,0.000296007,-,YYCFQGSGYPFTFGGGTKVEIK
269,13,3,B,20,2189.96,0.0,-,YYCFQGSGYPFTFGGGTKVEIK
270,13,3,B,21,2303.05,5.64426e-05,-,YYCFQGSGYPFTFGGGTKVEIK
271,13,3,Y,1,147.113,0.0773459,-,YYCFQGSGYPFTFGGGTKVEIK
272,13,3,Y,2,260.197,0.134102,-,YYCFQGSGYPFTFGGGTKVEIK
273,13,3,Y,3,389.239,0.0354632,-,YYCFQGSGYPFTFGGGTKVEIK
274,13,3,Y,4,488.308,0.0301176,-,YYCFQGSGYPFTFGGGTKVEIK
275,13,3,Y,5,616.403,0.0130345,-,YYCFQGSGYPFTFGGGTKVEIK
276,13,3,Y,6,717.451,0.00227425,-,YYCFQGSGYPFTFGGGTKVEIK
277,13,3,Y,7,774.472,0.0194318,-,YYCFQGSGYPFTFGGGTKVEIK
278,13,3,Y,8,831.493,0.0514137,-,YYCFQGSGYPFTFGGGTKVEIK
279,13,3,Y,9,888.515,0.224334,-,YYCFQGSGYPFTFGGGTKVEIK
280,13,3,Y,10,1035.58,0.0812473,-,YYCFQGSGYPFTFGGGTKVEIK
281,13,3,Y,11,1136.63,0.0964718,-,YYCFQGSGYPFTFGGGTKVEIK
282,13,3,Y,12,1283.7,0.0146223,-,YYCFQGSGYPFTFGGGTKVEIK
283,13,3,Y,13,1380.75,0.0616356,-,YYCFQGSGYPFTFGGGTKVEIK
284,13,3,Y,14,1543.82,0.0,-,YYCFQGSGYPFTFGGGTKVEIK
285,13,3,Y,15,1600.84,0.00203103,-,YYCFQGSGYPFTFGGGTKVEIK
286,13,3,Y,16,1687.87,0.0,-,YYCFQGSGYPFTFGGGTKVEIK
287,13,3,Y,17,1744.89,0.00231366,-,YYCFQGSGYPFTFGGGTKVEIK
288,13,3,Y,18,1872.95,0.000648973,-,YYCFQGSGYPFTFGGGTKVEIK
289,13,3,Y,19,2020.02,0.0,-,YYCFQGSGYPFTFGGGTKVEIK
290,13,3,Y,20,2123.03,3.39913e-06,-,YYCFQGSGYPFTFGGGTKVEIK
291,13,3,Y,21,2286.09,0.0,-,YYCFQGSGYPFTFGGGTKVEIK
292,17,4,B,1,164.071,0.0,-,YYCFQGSGYPFTFGGGTK
293,17,4,B,2,327.134,0.0967194,-,YYCFQGSGYPFTFGGGTK
294,17,4,B,3,430.143,0.00392979,-,YYCFQGSGYPFTFGGGTK
295,17,4,B,4,577.211,0.000585201,-,YYCFQGSGYPFTFGGGTK
296,17,4,B,5,705.27,0.0,-,YYCFQGSGYPFTFGGGTK
297,17,4,B,6,762.292,0.0107285,-,YYCFQGSGYPFTFGGGTK
298,17,4,B,7,849.324,0.0,-,YYCFQGSGYPFTFGGGTK
299,17,4,B,8,906.345,0.00562696,-,YYCFQGSGYPFTFGGGTK
300,17,4,B,9,1069.41,0.0,-,YYCFQGSGYPFTFGGGTK
301,17,4,B,10,1166.46,0.0,-,YYCFQGSGYPFTFGGGTK
302,17,4,B,11,1313.53,0.000378948,-,YYCFQGSGYPFTFGGGTK
303,17,4,B,12,1414.58,0.00010506,-,YYCFQGSGYPFTFGGGTK
304,17,4,B,13,1561.65,0.0,-,YYCFQGSGYPFTFGGGTK
305,17,4,B,14,1618.67,0.00115541,-,YYCFQGSGYPFTFGGGTK
306,17,4,B,15,1675.69,0.000429301,-,YYCFQGSGYPFTFGGGTK
307,17,4,B,16,1732.71,0.00122153,-,YYCFQGSGYPFTFGGGTK
308,17,4,B,17,1833.76,0.000705222,-,YYCFQGSGYPFTFGGGTK
309,17,4,Y,1,147.113,0.102927,-,YYCFQGSGYPFTFGGGTK
310,17,4,Y,2,248.16,0.0154091,-,YYCFQGSGYPFTFGGGTK
311,17,4,Y,3,305.182,0.0113546,-,YYCFQGSGYPFTFGGGTK
312,17,4,Y,4,362.203,0.0271758,-,YYCFQGSGYPFTFGGGTK
313,17,4,Y,5,419.225,0.136593,-,YYCFQGSGYPFTFGGGTK
314,17,4,Y,6,566.293,0.111165,-,YYCFQGSGYPFTFGGGTK
315,17,4,Y,7,667.341,0.111078,-,YYCFQGSGYPFTFGGGTK
316,17,4,Y,8,814.409,0.0453348,-,YYCFQGSGYPFTFGGGTK
317,17,4,Y,9,911.462,0.211153,-,YYCFQGSGYPFTFGGGTK
318,17,4,Y,10,1074.53,0.0163238,-,YYCFQGSGYPFTFGGGTK
319,17,4,Y,11,1131.55,0.0246359,-,YYCFQGSGYPFTFGGGTK
320,17,4,Y,12,1218.58,0.00638183,-,YYCFQGSGYPFTFGGGTK
321,17,4,Y,13,1275.6,0.0283227,-,YYCFQGSGYPFTFGGGTK
322,17,4,Y,14,1403.66,0.0220702,-,YYCFQGSGYPFTFGGGTK
323,17,4,Y,15,1550.73,0.00581804,-,YYCFQGSGYPFTFGGGTK
324,17,4,Y,16,1653.74,0.00231492,-,YYCFQGSGYPFTFGGGTK
325,17,4,Y,17,1816.8,0.000358373,-,YYCFQGSGYPFTFGGGTK
326,20,3,B,1,164.071,0.000409849,-,YYCFQGSGYPFTFGGGTK
327,20,3,B,2,327.134,0.0715179,-,YYCFQGSGYPFTFGGGTK
328,20,3,B,3,430.143,0.00130934,-,YYCFQGSGYPFTFGGGTK
329,20,3,B,4,577.211,0.0,-,YYCFQGSGYPFTFGGGTK
330,20,3,B,5,705.27,0.0,-,YYCFQGSGYPFTFGGGTK
331,20,3,B,6,762.292,0.00974658,-,YYCFQGSGYPFTFGGGTK
332,20,3,B,7,849.324,0.000258904,-,YYCFQGSGYPFTFGGGTK
333,20,3,B,8,906.345,0.00696298,-,YYCFQGSGYPFTFGGGTK
334,20,3,B,9,1069.41,0.000656894,-,YYCFQGSGYPFTFGGGTK
335,20,3,B,10,1166.46,0.00022437,-,YYCFQGSGYPFTFGGGTK
336,20,3,B,11,1313.53,0.0,-,YYCFQGSGYPFTFGGGTK
337,20,3,B,12,1414.58,0.0,-,YYCFQGSGYPFTFGGGTK
338,20,3,B,13,1561.65,0.0,-,YYCFQGSGYPFTFGGGTK
339,20,3,B,14,1618.67,0.000454909,-,YYCFQGSGYPFTFGGGTK
340,20,3,B,15,1675.69,9.91473e-05,-,YYCFQGSGYPFTFGGGTK
341,20,3,B,16,1732.71,0.00048067,-,YYCFQGSGYPFTFGGGTK
342,20,3,B,17,1833.76,0.000382596,-,YYCFQGSGYPFTFGGGTK
343,20,3,Y,1,147.113,0.0912357,-,YYCFQGSGYPFTFGGGTK
344,20,3,Y,2,248.16,0.0127652,-,YYCFQGSGYPFTFGGGTK
345,20,3,Y,3,305.182,0.0111432,-,YYCFQGSGYPFTFGGGTK
346,20,3,Y,4,362.203,0.034701,-,YYCFQGSGYPFTFGGGTK
347,20,3,Y,5,419.225,0.129259,-,YYCFQGSGYPFTFGGGTK
348,20,3,Y,6,566.293,0.0937379,-,YYCFQGSGYPFTFGGGTK
349,20,3,Y,7,667.341,0.148417,-,YYCFQGSGYPFTFGGGTK
350,20,3,Y,8,814.409,0.0639683,-,YYCFQGSGYPFTFGGGTK
351,20,3,Y,9,911.462,0.272155,-,YYCFQGSGYPFTFGGGTK
352,20,3,Y,10,1074.53,0.00665494,-,YYCFQGSGYPFTFGGGTK
353,20,3,Y,11,1131.55,0.0151404,-,YYCFQGSGYPFTFGGGTK
354,20,3,Y,12,1218.58,0.0046394,-,YYCFQGSGYPFTFGGGTK
355,20,3,Y,13,1275.6,0.0146907,-,YYCFQGSGYPFTFGGGTK
356,20,3,Y,14,1403.66,0.00796133,-,YYCFQGSGYPFTFGGGTK
357,20,3,Y,15,1550.73,0.000573336,-,YYCFQGSGYPFTFGGGTK
358,20,3,Y,16,1653.74,0.00045396,-,YYCFQGSGYPFTFGGGTK
359,20,3,Y,17,1816.8,0.0,-,YYCFQGSGYPFTFGGGTK
360,29,2,B,1,164.071,0.0,-,YYCFQGSGYPFTFGGGTK
361,29,2,B,2,327.134,0.0761535,-,YYCFQGSGYPFTFGGGTK
362,29,2,B,3,430.143,0.00327366,-,YYCFQGSGYPFTFGGGTK
363,29,2,B,4,577.211,0.0,-,YYCFQGSGYPFTFGGGTK
364,29,2,B,5,705.27,0.000325445,-,YYCFQGSGYPFTFGGGTK
365,29,2,B,6,762.292,0.00961629,-,YYCFQGSGYPFTFGGGTK
366,29,2,B,7,849.324,4.36762e-05,-,YYCFQGSGYPFTFGGGTK
367,29,2,B,8,906.345,0.00288741,-,YYCFQGSGYPFTFGGGTK
368,29,2,B,9,1069.41,0.00023001,-,YYCFQGSGYPFTFGGGTK
369,29,2,B,10,1166.46,0.000439274,-,YYCFQGSGYPFTFGGGTK
370,29,2,B,11,1313.53,0.000474407,-,YYCFQGSGYPFTFGGGTK
371,29,2,B,12,1414.58,0.000464017,-,YYCFQGSGYPFTFGGGTK
372,29,2,B,13,1561.65,9.5605e-05,-,YYCFQGSGYPFTFGGGTK
373,29,2,B,14,1618.67,0.000722094,-,YYCFQGSGYPFTFGGGTK
374,29,2,B,15,1675.69,0.000214474,-,YYCFQGSGYPFTFGGGTK
375,29,2,B,16,1732.71,0.000265539,-,YYCFQGSGYPFTFGGGTK
376,29,2,B,17,1833.76,0.000158044,-,YYCFQGSGYPFTFGGGTK
377,29,2,Y,1,147.113,0.0449697,-,YYCFQGSGYPFTFGGGTK
378,29,2,Y,2,248.16,0.00899555,-,YYCFQGSGYPFTFGGGTK
379,29,2,Y,3,305.182,0.0104381,-,YYCFQGSGYPFTFGGGTK
380,29,2,Y,4,362.203,0.0218419,-,YYCFQGSGYPFTFGGGTK
381,29,2,Y,5,419.225,0.0507138,-,YYCFQGSGYPFTFGGGTK
382,29,2,Y,6,566.293,0.0534695,-,YYCFQGSGYPFTFGGGTK
383,29,2,Y,7,667.341,0.048094,-,YYCFQGSGYPFTFGGGTK
384,29,2,Y,8,814.409,0.0107874,-,YYCFQGSGYPFTFGGGTK
385,29,2,Y,9,911.462,0.226294,-,YYCFQGSGYPFTFGGGTK
386,29,2,Y,10,1074.53,0.0217403,-,YYCFQGSGYPFTFGGGTK
387,29,2,Y,11,1131.55,0.0852303,-,YYCFQGSGYPFTFGGGTK
388,29,2,Y,12,1218.58,0.027578,-,YYCFQGSGYPFTFGGGTK
389,29,2,Y,13,1275.6,0.197333,-,YYCFQGSGYPFTFGGGTK
390,29,2,Y,14,1403.66,0.0660769,-,YYCFQGSGYPFTFGGGTK
391,29,2,Y,15,1550.73,0.0296824,-,YYCFQGSGYPFTFGGGTK
392,29,2,Y,16,1653.74,0.00139111,-,YYCFQGSGYPFTFGGGTK
393,29,2,Y,17,1816.8,0.0,-,YYCFQGSGYPFTFGGGTK
394,30,6,B,1,164.071,0.000260186,-,YYCARDMIFNFYFDVWGQGTTVTVSSASTK
395,30,6,B,2,327.134,0.0851166,-,YYCARDMIFNFYFDVWGQGTTVTVSSASTK
396,30,6,B,3,430.143,0.00134024,-,YYCARDMIFNFYFDVWGQGTTVTVSSASTK
397,30,6,B,4,501.18,0.0,-,YYCARDMIFNFYFDVWGQGTTVTVSSASTK
398,30,6,B,5,657.281,0.00240339,-,YYCARDMIFNFYFDVWGQGTTVTVSSASTK
399,30,6,B,6,772.308,0.00077982,-,YYCARDMIFNFYFDVWGQGTTVTVSSASTK
400,30,6,B,7,903.349,0.000339569,-,YYCARDMIFNFYFDVWGQGTTVTVSSASTK
401,30,6,B,8,1016.43,0.00392753,-,YYCARDMIFNFYFDVWGQGTTVTVSSASTK
402,30,6,B,9,1163.5,0.0033439,-,YYCARDMIFNFYFDVWGQGTTVTVSSASTK
403,30,6,B,10,1277.54,0.000936263,-,YYCARDMIFNFYFDVWGQGTTVTVSSASTK
404,30,6,B,11,1424.61,0.00283205,-,YYCARDMIFNFYFDVWGQGTTVTVSSASTK
405,30,6,B,12,1587.68,0.00189625,-,YYCARDMIFNFYFDVWGQGTTVTVSSASTK
406,30,6,B,13,1734.74,6.64244e-05,-,YYCARDMIFNFYFDVWGQGTTVTVSSASTK
407,30,6,B,14,1849.77,0.0,-,YYCARDMIFNFYFDVWGQGTTVTVSSASTK
408,30,6,B,15,1948.84,0.00117031,-,YYCARDMIFNFYFDVWGQGTTVTVSSASTK
409,30,6,B,16,2134.92,0.0,-,YYCARDMIFNFYFDVWGQGTTVTVSSASTK
410,30,6,B,17,2191.94,0.0011501,-,YYCARDMIFNFYFDVWGQGTTVTVSSASTK
411,30,6,B,18,2320.0,0.0,-,YYCARDMIFNFYFDVWGQGTTVTVSSASTK
412,30,6,B,19,2377.02,0.000710011,-,YYCARDMIFNFYFDVWGQGTTVTVSSASTK
413,30,6,B,20,2478.07,0.0,-,YYCARDMIFNFYFDVWGQGTTVTVSSASTK
414,30,6,B,21,2579.12,0.000358646,-,YYCARDMIFNFYFDVWGQGTTVTVSSASTK
415,30,6,B,22,2678.18,0.0,-,YYCARDMIFNFYFDVWGQGTTVTVSSASTK
416,30,6,B,23,2779.23,6.27462e-05,-,YYCARDMIFNFYFDVWGQGTTVTVSSASTK
417,30,6,B,24,2878.3,0.0,-,YYCARDMIFNFYFDVWGQGTTVTVSSASTK
418,30,6,B,25,2965.33,3.03212e-05,-,YYCARDMIFNFYFDVWGQGTTVTVSSASTK
419,30,6,B,26,3052.36,0.000359556,-,YYCARDMIFNFYFDVWGQGTTVTVSSASTK
420,30,6,B,27,3123.4,0.0,-,YYCARDMIFNFYFDVWGQGTTVTVSSASTK
421,30,6,B,28,3210.43,8.04234e-05,-,YYCARDMIFNFYFDVWGQGTTVTVSSASTK
422,30,6,B,29,3311.48,0.0,-,YYCARDMIFNFYFDVWGQGTTVTVSSASTK
423,30,6,Y,1,147.113,0.0748358,-,YYCARDMIFNFYFDVWGQGTTVTVSSASTK
424,30,6,Y,2,248.16,0.0300536,-,YYCARDMIFNFYFDVWGQGTTVTVSSASTK
425,30,6,Y,3,335.192,0.0437527,-,YYCARDMIFNFYFDVWGQGTTVTVSSASTK
426,30,6,Y,4,406.23,0.0389541,-,YYCARDMIFNFYFDVWGQGTTVTVSSASTK
427,30,6,Y,5,493.262,0.0681179,-,YYCARDMIFNFYFDVWGQGTTVTVSSASTK
428,30,6,Y,6,580.294,0.176011,-,YYCARDMIFNFYFDVWGQGTTVTVSSASTK
429,30,6,Y,7,679.362,0.0711376,-,YYCARDMIFNFYFDVWGQGTTVTVSSASTK
430,30,6,Y,8,780.41,0.166058,-,YYCARDMIFNFYFDVWGQGTTVTVSSASTK
431,30,6,Y,9,879.478,0.0635158,-,YYCARDMIFNFYFDVWGQGTTVTVSSASTK
432,30,6,Y,10,980.526,0.0485154,-,YYCARDMIFNFYFDVWGQGTTVTVSSASTK
433,30,6,Y,11,1081.57,0.0170402,-,YYCARDMIFNFYFDVWGQGTTVTVSSASTK
434,30,6,Y,12,1138.6,0.026807,-,YYCARDMIFNFYFDVWGQGTTVTVSSASTK
435,30,6,Y,13,1266.65,0.0113208,-,YYCARDMIFNFYFDVWGQGTTVTVSSASTK
436,30,6,Y,14,1323.68,0.0334208,-,YYCARDMIFNFYFDVWGQGTTVTVSSASTK
437,30,6,Y,15,1509.75,0.0127679,-,YYCARDMIFNFYFDVWGQGTTVTVSSASTK
438,30,6,Y,16,1608.82,0.00334714,-,YYCARDMIFNFYFDVWGQGTTVTVSSASTK
439,30,6,Y,17,1723.85,0.00390529,-,YYCARDMIFNFYFDVWGQGTTVTVSSASTK
440,30,6,Y,18,1870.92,0.0021939,-,YYCARDMIFNFYFDVWGQGTTVTVSSASTK
441,30,6,Y,19,2033.98,0.0,-,YYCARDMIFNFYFDVWGQGTTVTVSSASTK
442,30,6,Y,20,2181.05,0.0,-,YYCARDMIFNFYFDVWGQGTTVTVSSASTK
443,30,6,Y,21,2295.09,0.000341844,-,YYCARDMIFNFYFDVWGQGTTVTVSSASTK
444,30,6,Y,22,2442.16,0.0,-,YYCARDMIFNFYFDVWGQGTTVTVSSASTK
445,30,6,Y,23,2555.25,0.0,-,YYCARDMIFNFYFDVWGQGTTVTVSSASTK
446,30,6,Y,24,2686.29,0.0,-,YYCARDMIFNFYFDVWGQGTTVTVSSASTK
447,30,6,Y,25,2801.31,0.0,-,YYCARDMIFNFYFDVWGQGTTVTVSSASTK
448,30,6,Y,26,2957.41,7.617e-05,-,YYCARDMIFNFYFDVWGQGTTVTVSSASTK
449,30,6,Y,27,3028.45,0.000252182,-,YYCARDMIFNFYFDVWGQGTTVTVSSASTK
450,30,6,Y,28,3131.46,0.00019566,-,YYCARDMIFNFYFDVWGQGTTVTVSSASTK
451,30,6,Y,29,3294.52,0.000215085,-,YYCARDMIFNFYFDVWGQGTTVTVSSASTK
452,31,5,B,1,164.071,0.0,-,YYCARDMIFNFYFDVWGQGTTVTVSSASTK
453,31,5,B,2,327.134,0.0880651,-,YYCARDMIFNFYFDVWGQGTTVTVSSASTK
454,31,5,B,3,430.143,0.00152322,-,YYCARDMIFNFYFDVWGQGTTVTVSSASTK
455,31,5,B,4,501.18,0.0,-,YYCARDMIFNFYFDVWGQGTTVTVSSASTK
456,31,5,B,5,657.281,0.00209683,-,YYCARDMIFNFYFDVWGQGTTVTVSSASTK
457,31,5,B,6,772.308,0.000791943,-,YYCARDMIFNFYFDVWGQGTTVTVSSASTK
458,31,5,B,7,903.349,0.0,-,YYCARDMIFNFYFDVWGQGTTVTVSSASTK
459,31,5,B,8,1016.43,0.00368891,-,YYCARDMIFNFYFDVWGQGTTVTVSSASTK
460,31,5,B,9,1163.5,0.00377924,-,YYCARDMIFNFYFDVWGQGTTVTVSSASTK
461,31,5,B,10,1277.54,0.00112916,-,YYCARDMIFNFYFDVWGQGTTVTVSSASTK
462,31,5,B,11,1424.61,0.00307495,-,YYCARDMIFNFYFDVWGQGTTVTVSSASTK
463,31,5,B,12,1587.68,0.00200988,-,YYCARDMIFNFYFDVWGQGTTVTVSSASTK
464,31,5,B,13,1734.74,9.65824e-07,-,YYCARDMIFNFYFDVWGQGTTVTVSSASTK
465,31,5,B,14,1849.77,0.0,-,YYCARDMIFNFYFDVWGQGTTVTVSSASTK
466,31,5,B,15,1948.84,0.00114856,-,YYCARDMIFNFYFDVWGQGTTVTVSSASTK
467,31,5,B,16,2134.92,0.0,-,YYCARDMIFNFYFDVWGQGTTVTVSSASTK
468,31,5,B,17,2191.94,0.00118471,-,YYCARDMIFNFYFDVWGQGTTVTVSSASTK
469,31,5,B,18,2320.0,0.0,-,YYCARDMIFNFYFDVWGQGTTVTVSSASTK
470,31,5,B,19,2377.02,0.000712267,-,YYCARDMIFNFYFDVWGQGTTVTVSSASTK
471,31,5,B,20,2478.07,0.0,-,YYCARDMIFNFYFDVWGQGTTVTVSSASTK
472,31,5,B,21,2579.12,0.000273468,-,YYCARDMIFNFYFDVWGQGTTVTVSSASTK
473,31,5,B,22,2678.18,0.0,-,YYCARDMIFNFYFDVWGQGTTVTVSSASTK
474,31,5,B,23,2779.23,5.4502e-05,-,YYCARDMIFNFYFDVWGQGTTVTVSSASTK
475,31,5,B,24,2878.3,0.0,-,YYCARDMIFNFYFDVWGQGTTVTVSSASTK
476,31,5,B,25,2965.33,0.0,-,YYCARDMIFNFYFDVWGQGTTVTVSSASTK
477,31,5,B,26,3052.36,0.000336184,-,YYCARDMIFNFYFDVWGQGTTVTVSSASTK
478,31,5,B,27,3123.4,0.0,-,YYCARDMIFNFYFDVWGQGTTVTVSSASTK
479,31,5,B,28,3210.43,4.47394e-05,-,YYCARDMIFNFYFDVWGQGTTVTVSSASTK
480,31,5,B,29,3311.48,0.0,-,YYCARDMIFNFYFDVWGQGTTVTVSSASTK
481,31,5,Y,1,147.113,0.0735098,-,YYCARDMIFNFYFDVWGQGTTVTVSSASTK
482,31,5,Y,2,248.16,0.0310996,-,YYCARDMIFNFYFDVWGQGTTVTVSSASTK
483,31,5,Y,3,335.192,0.0450337,-,YYCARDMIFNFYFDVWGQGTTVTVSSASTK
484,31,5,Y,4,406.23,0.038379,-,YYCARDMIFNFYFDVWGQGTTVTVSSASTK
485,31,5,Y,5,493.262,0.06653,-,YYCARDMIFNFYFDVWGQGTTVTVSSASTK
486,31,5,Y,6,580.294,0.174211,-,YYCARDMIFNFYFDVWGQGTTVTVSSASTK
487,31,5,Y,7,679.362,0.0710691,-,YYCARDMIFNFYFDVWGQGTTVTVSSASTK
488,31,5,Y,8,780.41,0.165987,-,YYCARDMIFNFYFDVWGQGTTVTVSSASTK
489,31,5,Y,9,879.478,0.0644554,-,YYCARDMIFNFYFDVWGQGTTVTVSSASTK
490,31,5,Y,10,980.526,0.0483299,-,YYCARDMIFNFYFDVWGQGTTVTVSSASTK
491,31,5,Y,11,1081.57,0.0164945,-,YYCARDMIFNFYFDVWGQGTTVTVSSASTK
492,31,5,Y,12,1138.6,0.0268222,-,YYCARDMIFNFYFDVWGQGTTVTVSSASTK
493,31,5,Y,13,1266.65,0.0112167,-,YYCARDMIFNFYFDVWGQGTTVTVSSASTK
494,31,5,Y,14,1323.68,0.0334214,-,YYCARDMIFNFYFDVWGQGTTVTVSSASTK
495,31,5,Y,15,1509.75,0.0129927,-,YYCARDMIFNFYFDVWGQGTTVTVSSASTK
496,31,5,Y,16,1608.82,0.00325979,-,YYCARDMIFNFYFDVWGQGTTVTVSSASTK
497,31,5,Y,17,1723.85,0.00395628,-,YYCARDMIFNFYFDVWGQGTTVTVSSASTK
498,31,5,Y,18,1870.92,0.00222255,-,YYCARDMIFNFYFDVWGQGTTVTVSSASTK
499,31,5,Y,19,2033.98,0.0,-,YYCARDMIFNFYFDVWGQGTTVTVSSASTK
500,31,5,Y,20,2181.05,0.0,-,YYCARDMIFNFYFDVWGQGTTVTVSSASTK
501,31,5,Y,21,2295.09,0.000345898,-,YYCARDMIFNFYFDVWGQGTTVTVSSASTK
502,31,5,Y,22,2442.16,0.0,-,YYCARDMIFNFYFDVWGQGTTVTVSSASTK
503,31,5,Y,23,2555.25,0.0,-,YYCARDMIFNFYFDVWGQGTTVTVSSASTK
504,31,5,Y,24,2686.29,0.0,-,YYCARDMIFNFYFDVWGQGTTVTVSSASTK
505,31,5,Y,25,2801.31,0.0,-,YYCARDMIFNFYFDVWGQGTTVTVSSASTK
506,31,5,Y,26,2957.41,7.71645e-05,-,YYCARDMIFNFYFDVWGQGTTVTVSSASTK
507,31,5,Y,27,3028.45,0.000255475,-,YYCARDMIFNFYFDVWGQGTTVTVSSASTK
508,31,5,Y,28,3131.46,0.000198214,-,YYCARDMIFNFYFDVWGQGTTVTVSSASTK
509,31,5,Y,29,3294.52,0.000217893,-,YYCARDMIFNFYFDVWGQGTTVTVSSASTK
510,34,4,B,1,164.071,0.0,-,YYCARDMIFNFYFDVWGQGTTVTVSSASTK
511,34,4,B,2,327.134,0.0860363,-,YYCARDMIFNFYFDVWGQGTTVTVSSASTK
512,34,4,B,3,430.143,0.00225612,-,YYCARDMIFNFYFDVWGQGTTVTVSSASTK
513,34,4,B,4,501.18,0.0,-,YYCARDMIFNFYFDVWGQGTTVTVSSASTK
514,34,4,B,5,657.281,0.00175569,-,YYCARDMIFNFYFDVWGQGTTVTVSSASTK
515,34,4,B,6,772.308,0.00240318,-,YYCARDMIFNFYFDVWGQGTTVTVSSASTK
516,34,4,B,7,903.349,0.00186148,-,YYCARDMIFNFYFDVWGQGTTVTVSSASTK
517,34,4,B,8,1016.43,0.00530856,-,YYCARDMIFNFYFDVWGQGTTVTVSSASTK
518,34,4,B,9,1163.5,0.00731427,-,YYCARDMIFNFYFDVWGQGTTVTVSSASTK
519,34,4,B,10,1277.54,0.00281882,-,YYCARDMIFNFYFDVWGQGTTVTVSSASTK
520,34,4,B,11,1424.61,0.00408136,-,YYCARDMIFNFYFDVWGQGTTVTVSSASTK
521,34,4,B,12,1587.68,0.00323226,-,YYCARDMIFNFYFDVWGQGTTVTVSSASTK
522,34,4,B,13,1734.74,0.000256112,-,YYCARDMIFNFYFDVWGQGTTVTVSSASTK
523,34,4,B,14,1849.77,0.0,-,YYCARDMIFNFYFDVWGQGTTVTVSSASTK
524,34,4,B,15,1948.84,0.000773343,-,YYCARDMIFNFYFDVWGQGTTVTVSSASTK
525,34,4,B,16,2134.92,0.0,-,YYCARDMIFNFYFDVWGQGTTVTVSSASTK
526,34,4,B,17,2191.94,0.00104564,-,YYCARDMIFNFYFDVWGQGTTVTVSSASTK
527,34,4,B,18,2320.0,0.0,-,YYCARDMIFNFYFDVWGQGTTVTVSSASTK
528,34,4,B,19,2377.02,0.000519942,-,YYCARDMIFNFYFDVWGQGTTVTVSSASTK
529,34,4,B,20,2478.07,0.0,-,YYCARDMIFNFYFDVWGQGTTVTVSSASTK
530,34,4,B,21,2579.12,0.0,-,YYCARDMIFNFYFDVWGQGTTVTVSSASTK
531,34,4,B,22,2678.18,0.0,-,YYCARDMIFNFYFDVWGQGTTVTVSSASTK
532,34,4,B,23,2779.23,0.0,-,YYCARDMIFNFYFDVWGQGTTVTVSSASTK
533,34,4,B,24,2878.3,0.0,-,YYCARDMIFNFYFDVWGQGTTVTVSSASTK
534,34,4,B,25,2965.33,0.0,-,YYCARDMIFNFYFDVWGQGTTVTVSSASTK
535,34,4,B,26,3052.36,0.000246872,-,YYCARDMIFNFYFDVWGQGTTVTVSSASTK
536,34,4,B,27,3123.4,0.0,-,YYCARDMIFNFYFDVWGQGTTVTVSSASTK
537,34,4,B,28,3210.43,4.0765e-05,-,YYCARDMIFNFYFDVWGQGTTVTVSSASTK
538,34,4,B,29,3311.48,0.0,-,YYCARDMIFNFYFDVWGQGTTVTVSSASTK
539,34,4,Y,1,147.113,0.0689024,-,YYCARDMIFNFYFDVWGQGTTVTVSSASTK
540,34,4,Y,2,248.16,0.0253001,-,YYCARDMIFNFYFDVWGQGTTVTVSSASTK
541,34,4,Y,3,335.192,0.0377375,-,YYCARDMIFNFYFDVWGQGTTVTVSSASTK
542,34,4,Y,4,406.23,0.023773,-,YYCARDMIFNFYFDVWGQGTTVTVSSASTK
543,34,4,Y,5,493.262,0.0532263,-,YYCARDMIFNFYFDVWGQGTTVTVSSASTK
544,34,4,Y,6,580.294,0.139477,-,YYCARDMIFNFYFDVWGQGTTVTVSSASTK
545,34,4,Y,7,679.362,0.0717717,-,YYCARDMIFNFYFDVWGQGTTVTVSSASTK
546,34,4,Y,8,780.41,0.172908,-,YYCARDMIFNFYFDVWGQGTTVTVSSASTK
547,34,4,Y,9,879.478,0.0787683,-,YYCARDMIFNFYFDVWGQGTTVTVSSASTK
548,34,4,Y,10,980.526,0.0652968,-,YYCARDMIFNFYFDVWGQGTTVTVSSASTK
549,34,4,Y,11,1081.57,0.0197883,-,YYCARDMIFNFYFDVWGQGTTVTVSSASTK
550,34,4,Y,12,1138.6,0.0410156,-,YYCARDMIFNFYFDVWGQGTTVTVSSASTK
551,34,4,Y,13,1266.65,0.0127531,-,YYCARDMIFNFYFDVWGQGTTVTVSSASTK
552,34,4,Y,14,1323.68,0.0450219,-,YYCARDMIFNFYFDVWGQGTTVTVSSASTK
553,34,4,Y,15,1509.75,0.0128249,-,YYCARDMIFNFYFDVWGQGTTVTVSSASTK
554,34,4,Y,16,1608.82,0.00418004,-,YYCARDMIFNFYFDVWGQGTTVTVSSASTK
555,34,4,Y,17,1723.85,0.00424167,-,YYCARDMIFNFYFDVWGQGTTVTVSSASTK
556,34,4,Y,18,1870.92,0.00249368,-,YYCARDMIFNFYFDVWGQGTTVTVSSASTK
557,34,4,Y,19,2033.98,0.0,-,YYCARDMIFNFYFDVWGQGTTVTVSSASTK
558,34,4,Y,20,2181.05,0.0,-,YYCARDMIFNFYFDVWGQGTTVTVSSASTK
559,34,4,Y,21,2295.09,0.000136947,-,YYCARDMIFNFYFDVWGQGTTVTVSSASTK
560,34,4,Y,22,2442.16,0.0,-,YYCARDMIFNFYFDVWGQGTTVTVSSASTK
561,34,4,Y,23,2555.25,0.0,-,YYCARDMIFNFYFDVWGQGTTVTVSSASTK
562,34,4,Y,24,2686.29,0.0,-,YYCARDMIFNFYFDVWGQGTTVTVSSASTK
563,34,4,Y,25,2801.31,0.0,-,YYCARDMIFNFYFDVWGQGTTVTVSSASTK
564,34,4,Y,26,2957.41,0.0,-,YYCARDMIFNFYFDVWGQGTTVTVSSASTK
565,34,4,Y,27,3028.45,0.00022439,-,YYCARDMIFNFYFDVWGQGTTVTVSSASTK
566,34,4,Y,28,3131.46,9.54974e-05,-,YYCARDMIFNFYFDVWGQGTTVTVSSASTK
567,34,4,Y,29,3294.52,0.000112085,-,YYCARDMIFNFYFDVWGQGTTVTVSSASTK
568,45,3,B,1,164.071,0.0,-,YYCARDMIFNFYFDVWGQGTTVTVSSASTK
569,45,3,B,2,327.134,0.087771,-,YYCARDMIFNFYFDVWGQGTTVTVSSASTK
570,45,3,B,3,430.143,0.00199623,-,YYCARDMIFNFYFDVWGQGTTVTVSSASTK
571,45,3,B,4,501.18,0.0,-,YYCARDMIFNFYFDVWGQGTTVTVSSASTK
572,45,3,B,5,657.281,0.00183019,-,YYCARDMIFNFYFDVWGQGTTVTVSSASTK
573,45,3,B,6,772.308,0.000784538,-,YYCARDMIFNFYFDVWGQGTTVTVSSASTK
574,45,3,B,7,903.349,0.0,-,YYCARDMIFNFYFDVWGQGTTVTVSSASTK
575,45,3,B,8,1016.43,0.00438182,-,YYCARDMIFNFYFDVWGQGTTVTVSSASTK
576,45,3,B,9,1163.5,0.0053099,-,YYCARDMIFNFYFDVWGQGTTVTVSSASTK
577,45,3,B,10,1277.54,0.00495742,-,YYCARDMIFNFYFDVWGQGTTVTVSSASTK
578,45,3,B,11,1424.61,0.00574692,-,YYCARDMIFNFYFDVWGQGTTVTVSSASTK
579,45,3,B,12,1587.68,0.0054522,-,YYCARDMIFNFYFDVWGQGTTVTVSSASTK
580,45,3,B,13,1734.74,0.0019391,-,YYCARDMIFNFYFDVWGQGTTVTVSSASTK
581,45,3,B,14,1849.77,0.0014162,-,YYCARDMIFNFYFDVWGQGTTVTVSSASTK
582,45,3,B,15,1948.84,0.00275121,-,YYCARDMIFNFYFDVWGQGTTVTVSSASTK
583,45,3,B,16,2134.92,0.0,-,YYCARDMIFNFYFDVWGQGTTVTVSSASTK
584,45,3,B,17,2191.94,0.00155265,-,YYCARDMIFNFYFDVWGQGTTVTVSSASTK
585,45,3,B,18,2320.0,0.0,-,YYCARDMIFNFYFDVWGQGTTVTVSSASTK
586,45,3,B,19,2377.02,0.000892422,-,YYCARDMIFNFYFDVWGQGTTVTVSSASTK
587,45,3,B,20,2478.07,0.0,-,YYCARDMIFNFYFDVWGQGTTVTVSSASTK
588,45,3,B,21,2579.12,0.000188106,-,YYCARDMIFNFYFDVWGQGTTVTVSSASTK
589,45,3,B,22,2678.18,0.0,-,YYCARDMIFNFYFDVWGQGTTVTVSSASTK
590,45,3,B,23,2779.23,0.0,-,YYCARDMIFNFYFDVWGQGTTVTVSSASTK
591,45,3,B,24,2878.3,0.0,-,YYCARDMIFNFYFDVWGQGTTVTVSSASTK
592,45,3,B,25,2965.33,0.0,-,YYCARDMIFNFYFDVWGQGTTVTVSSASTK
593,45,3,B,26,3052.36,0.000201257,-,YYCARDMIFNFYFDVWGQGTTVTVSSASTK
594,45,3,B,27,3123.4,0.0,-,YYCARDMIFNFYFDVWGQGTTVTVSSASTK
595,45,3,B,28,3210.43,0.0,-,YYCARDMIFNFYFDVWGQGTTVTVSSASTK
596,45,3,B,29,3311.48,0.0,-,YYCARDMIFNFYFDVWGQGTTVTVSSASTK
597,45,3,Y,1,147.113,0.045589,-,YYCARDMIFNFYFDVWGQGTTVTVSSASTK
598,45,3,Y,2,248.16,0.0225259,-,YYCARDMIFNFYFDVWGQGTTVTVSSASTK
599,45,3,Y,3,335.192,0.0318152,-,YYCARDMIFNFYFDVWGQGTTVTVSSASTK
600,45,3,Y,4,406.23,0.0171843,-,YYCARDMIFNFYFDVWGQGTTVTVSSASTK
601,45,3,Y,5,493.262,0.0296824,-,YYCARDMIFNFYFDVWGQGTTVTVSSASTK
602,45,3,Y,6,580.294,0.0991172,-,YYCARDMIFNFYFDVWGQGTTVTVSSASTK
603,45,3,Y,7,679.362,0.0511484,-,YYCARDMIFNFYFDVWGQGTTVTVSSASTK
604,45,3,Y,8,780.41,0.151959,-,YYCARDMIFNFYFDVWGQGTTVTVSSASTK
605,45,3,Y,9,879.478,0.0688937,-,YYCARDMIFNFYFDVWGQGTTVTVSSASTK
606,45,3,Y,10,980.526,0.0575446,-,YYCARDMIFNFYFDVWGQGTTVTVSSASTK
607,45,3,Y,11,1081.57,0.0324975,-,YYCARDMIFNFYFDVWGQGTTVTVSSASTK
608,45,3,Y,12,1138.6,0.0717523,-,YYCARDMIFNFYFDVWGQGTTVTVSSASTK
609,45,3,Y,13,1266.65,0.0235764,-,YYCARDMIFNFYFDVWGQGTTVTVSSASTK
610,45,3,Y,14,1323.68,0.0903718,-,YYCARDMIFNFYFDVWGQGTTVTVSSASTK
611,45,3,Y,15,1509.75,0.0418113,-,YYCARDMIFNFYFDVWGQGTTVTVSSASTK
612,45,3,Y,16,1608.82,0.010557,-,YYCARDMIFNFYFDVWGQGTTVTVSSASTK
613,45,3,Y,17,1723.85,0.017708,-,YYCARDMIFNFYFDVWGQGTTVTVSSASTK
614,45,3,Y,18,1870.92,0.00610244,-,YYCARDMIFNFYFDVWGQGTTVTVSSASTK
615,45,3,Y,19,2033.98,0.00169219,-,YYCARDMIFNFYFDVWGQGTTVTVSSASTK
616,45,3,Y,20,2181.05,0.000213826,-,YYCARDMIFNFYFDVWGQGTTVTVSSASTK
617,45,3,Y,21,2295.09,0.000910173,-,YYCARDMIFNFYFDVWGQGTTVTVSSASTK
618,45,3,Y,22,2442.16,0.0,-,YYCARDMIFNFYFDVWGQGTTVTVSSASTK
619,45,3,Y,23,2555.25,0.0,-,YYCARDMIFNFYFDVWGQGTTVTVSSASTK
620,45,3,Y,24,2686.29,0.0,-,YYCARDMIFNFYFDVWGQGTTVTVSSASTK
621,45,3,Y,25,2801.31,0.0,-,YYCARDMIFNFYFDVWGQGTTVTVSSASTK
622,45,3,Y,26,2957.41,0.0,-,YYCARDMIFNFYFDVWGQGTTVTVSSASTK
623,45,3,Y,27,3028.45,6.39273e-05,-,YYCARDMIFNFYFDVWGQGTTVTVSSASTK
624,45,3,Y,28,3131.46,5.27567e-05,-,YYCARDMIFNFYFDVWGQGTTVTVSSASTK
625,45,3,Y,29,3294.52,5.99841e-05,-,YYCARDMIFNFYFDVWGQGTTVTVSSASTK
626,46,6,B,1,164.071,2.64828e-05,-,YVDGVEVHNAKTKPREEQYNSTYR
627,46,6,B,2,263.139,0.142421,-,YVDGVEVHNAKTKPREEQYNSTYR
628,46,6,B,3,378.166,0.026743,-,YVDGVEVHNAKTKPREEQYNSTYR
629,46,6,B,4,435.187,0.0214553,-,YVDGVEVHNAKTKPREEQYNSTYR
630,46,6,B,5,534.256,0.00507463,-,YVDGVEVHNAKTKPREEQYNSTYR
631,46,6,B,6,663.298,0.010753,-,YVDGVEVHNAKTKPREEQYNSTYR
632,46,6,B,7,762.367,0.00172063,-,YVDGVEVHNAKTKPREEQYNSTYR
633,46,6,B,8,899.426,0.0,-,YVDGVEVHNAKTKPREEQYNSTYR
634,46,6,B,9,1013.47,0.0,-,YVDGVEVHNAKTKPREEQYNSTYR
635,46,6,B,10,1084.51,0.000283362,-,YVDGVEVHNAKTKPREEQYNSTYR
636,46,6,B,11,1212.6,0.0,-,YVDGVEVHNAKTKPREEQYNSTYR
637,46,6,B,12,1313.65,0.0,-,YVDGVEVHNAKTKPREEQYNSTYR
638,46,6,B,13,1441.74,0.0,-,YVDGVEVHNAKTKPREEQYNSTYR
639,46,6,B,14,1538.8,0.0,-,YVDGVEVHNAKTKPREEQYNSTYR
640,46,6,B,15,1694.9,0.0,-,YVDGVEVHNAKTKPREEQYNSTYR
641,46,6,B,16,1823.94,0.0,-,YVDGVEVHNAKTKPREEQYNSTYR
642,46,6,B,17,1952.98,0.0,-,YVDGVEVHNAKTKPREEQYNSTYR
643,46,6,B,18,2081.04,0.0,-,YVDGVEVHNAKTKPREEQYNSTYR
644,46,6,B,19,2244.1,0.000368731,-,YVDGVEVHNAKTKPREEQYNSTYR
645,46,6,B,20,2358.15,0.000224444,-,YVDGVEVHNAKTKPREEQYNSTYR
646,46,6,B,21,2445.18,0.000271873,-,YVDGVEVHNAKTKPREEQYNSTYR
647,46,6,B,22,2546.23,0.000296161,-,YVDGVEVHNAKTKPREEQYNSTYR
648,46,6,B,23,2709.29,0.000239759,-,YVDGVEVHNAKTKPREEQYNSTYR
649,46,6,Y,1,175.119,0.0118332,-,YVDGVEVHNAKTKPREEQYNSTYR
650,46,6,Y,2,338.182,0.0362378,-,YVDGVEVHNAKTKPREEQYNSTYR
651,46,6,Y,3,439.23,0.0773402,-,YVDGVEVHNAKTKPREEQYNSTYR
652,46,6,Y,4,526.262,0.206949,-,YVDGVEVHNAKTKPREEQYNSTYR
653,46,6,Y,5,640.305,0.225167,-,YVDGVEVHNAKTKPREEQYNSTYR
654,46,6,Y,6,803.368,0.196138,-,YVDGVEVHNAKTKPREEQYNSTYR
655,46,6,Y,7,931.427,0.0223778,-,YVDGVEVHNAKTKPREEQYNSTYR
656,46,6,Y,8,1060.47,0.00126872,-,YVDGVEVHNAKTKPREEQYNSTYR
657,46,6,Y,9,1189.51,0.00525089,-,YVDGVEVHNAKTKPREEQYNSTYR
658,46,6,Y,10,1345.61,0.0,-,YVDGVEVHNAKTKPREEQYNSTYR
659,46,6,Y,11,1442.67,0.00467574,-,YVDGVEVHNAKTKPREEQYNSTYR
660,46,6,Y,12,1570.76,0.0,-,YVDGVEVHNAKTKPREEQYNSTYR
661,46,6,Y,13,1671.81,0.0,-,YVDGVEVHNAKTKPREEQYNSTYR
662,46,6,Y,14,1799.9,0.000251613,-,YVDGVEVHNAKTKPREEQYNSTYR
663,46,6,Y,15,1870.94,0.0,-,YVDGVEVHNAKTKPREEQYNSTYR
664,46,6,Y,16,1984.98,0.00049411,-,YVDGVEVHNAKTKPREEQYNSTYR
665,46,6,Y,17,2122.04,0.00165233,-,YVDGVEVHNAKTKPREEQYNSTYR
666,46,6,Y,18,2221.11,0.0,-,YVDGVEVHNAKTKPREEQYNSTYR
667,46,6,Y,19,2350.15,0.0,-,YVDGVEVHNAKTKPREEQYNSTYR
668,46,6,Y,20,2449.22,0.0,-,YVDGVEVHNAKTKPREEQYNSTYR
669,46,6,Y,21,2506.24,0.0,-,YVDGVEVHNAKTKPREEQYNSTYR
670,46,6,Y,22,2621.27,0.000450022,-,YVDGVEVHNAKTKPREEQYNSTYR
671,46,6,Y,23,2720.34,3.50396e-05,-,YVDGVEVHNAKTKPREEQYNSTYR
672,47,4,B,1,164.071,0.0,-,YVDGVEVHNAKTKPREEQYNSTYR
673,47,4,B,2,263.139,0.190113,-,YVDGVEVHNAKTKPREEQYNSTYR
674,47,4,B,3,378.166,0.036032,-,YVDGVEVHNAKTKPREEQYNSTYR
675,47,4,B,4,435.187,0.0275894,-,YVDGVEVHNAKTKPREEQYNSTYR
676,47,4,B,5,534.256,0.00616652,-,YVDGVEVHNAKTKPREEQYNSTYR
677,47,4,B,6,663.298,0.00326238,-,YVDGVEVHNAKTKPREEQYNSTYR
678,47,4,B,7,762.367,0.00245783,-,YVDGVEVHNAKTKPREEQYNSTYR
679,47,4,B,8,899.426,0.00104365,-,YVDGVEVHNAKTKPREEQYNSTYR
680,47,4,B,9,1013.47,0.00254834,-,YVDGVEVHNAKTKPREEQYNSTYR
681,47,4,B,10,1084.51,0.00677389,-,YVDGVEVHNAKTKPREEQYNSTYR
682,47,4,B,11,1212.6,0.0,-,YVDGVEVHNAKTKPREEQYNSTYR
683,47,4,B,12,1313.65,0.0,-,YVDGVEVHNAKTKPREEQYNSTYR
684,47,4,B,13,1441.74,0.0,-,YVDGVEVHNAKTKPREEQYNSTYR
685,47,4,B,14,1538.8,0.0,-,YVDGVEVHNAKTKPREEQYNSTYR
686,47,4,B,15,1694.9,0.0,-,YVDGVEVHNAKTKPREEQYNSTYR
687,47,4,B,16,1823.94,0.0,-,YVDGVEVHNAKTKPREEQYNSTYR
688,47,4,B,17,1952.98,0.0,-,YVDGVEVHNAKTKPREEQYNSTYR
689,47,4,B,18,2081.04,0.0,-,YVDGVEVHNAKTKPREEQYNSTYR
690,47,4,B,19,2244.1,0.00036752,-,YVDGVEVHNAKTKPREEQYNSTYR
691,47,4,B,20,2358.15,0.000226398,-,YVDGVEVHNAKTKPREEQYNSTYR
692,47,4,B,21,2445.18,0.000214712,-,YVDGVEVHNAKTKPREEQYNSTYR
693,47,4,B,22,2546.23,0.00026009,-,YVDGVEVHNAKTKPREEQYNSTYR
694,47,4,B,23,2709.29,9.78798e-05,-,YVDGVEVHNAKTKPREEQYNSTYR
695,47,4,Y,1,175.119,0.0180465,-,YVDGVEVHNAKTKPREEQYNSTYR
696,47,4,Y,2,338.182,0.0126617,-,YVDGVEVHNAKTKPREEQYNSTYR
697,47,4,Y,3,439.23,0.0306848,-,YVDGVEVHNAKTKPREEQYNSTYR
698,47,4,Y,4,526.262,0.101208,-,YVDGVEVHNAKTKPREEQYNSTYR
699,47,4,Y,5,640.305,0.223046,-,YVDGVEVHNAKTKPREEQYNSTYR
700,47,4,Y,6,803.368,0.243829,-,YVDGVEVHNAKTKPREEQYNSTYR
701,47,4,Y,7,931.427,0.0433351,-,YVDGVEVHNAKTKPREEQYNSTYR
702,47,4,Y,8,1060.47,0.0107464,-,YVDGVEVHNAKTKPREEQYNSTYR
703,47,4,Y,9,1189.51,0.0105696,-,YVDGVEVHNAKTKPREEQYNSTYR
704,47,4,Y,10,1345.61,0.0,-,YVDGVEVHNAKTKPREEQYNSTYR
705,47,4,Y,11,1442.67,0.0193663,-,YVDGVEVHNAKTKPREEQYNSTYR
706,47,4,Y,12,1570.76,0.00271942,-,YVDGVEVHNAKTKPREEQYNSTYR
707,47,4,Y,13,1671.81,0.0,-,YVDGVEVHNAKTKPREEQYNSTYR
708,47,4,Y,14,1799.9,0.00172319,-,YVDGVEVHNAKTKPREEQYNSTYR
709,47,4,Y,15,1870.94,0.0,-,YVDGVEVHNAKTKPREEQYNSTYR
710,47,4,Y,16,1984.98,0.00229414,-,YVDGVEVHNAKTKPREEQYNSTYR
711,47,4,Y,17,2122.04,0.00205454,-,YVDGVEVHNAKTKPREEQYNSTYR
712,47,4,Y,18,2221.11,0.0,-,YVDGVEVHNAKTKPREEQYNSTYR
713,47,4,Y,19,2350.15,0.0,-,YVDGVEVHNAKTKPREEQYNSTYR
714,47,4,Y,20,2449.22,0.0,-,YVDGVEVHNAKTKPREEQYNSTYR
715,47,4,Y,21,2506.24,0.0,-,YVDGVEVHNAKTKPREEQYNSTYR
716,47,4,Y,22,2621.27,0.000518633,-,YVDGVEVHNAKTKPREEQYNSTYR
717,47,4,Y,23,2720.34,4.30358e-05,-,YVDGVEVHNAKTKPREEQYNSTYR
718,62,3,B,1,164.071,0.0,-,YVDGVEVHNAKTKPREEQYNSTYR
719,62,3,B,2,263.139,0.212854,-,YVDGVEVHNAKTKPREEQYNSTYR
720,62,3,B,3,378.166,0.0765983,-,YVDGVEVHNAKTKPREEQYNSTYR
721,62,3,B,4,435.187,0.0708454,-,YVDGVEVHNAKTKPREEQYNSTYR
722,62,3,B,5,534.256,0.0237769,-,YVDGVEVHNAKTKPREEQYNSTYR
723,62,3,B,6,663.298,0.0140731,-,YVDGVEVHNAKTKPREEQYNSTYR
724,62,3,B,7,762.367,0.00841741,-,YVDGVEVHNAKTKPREEQYNSTYR
725,62,3,B,8,899.426,0.0192109,-,YVDGVEVHNAKTKPREEQYNSTYR
726,62,3,B,9,1013.47,0.0240305,-,YVDGVEVHNAKTKPREEQYNSTYR
727,62,3,B,10,1084.51,0.0239584,-,YVDGVEVHNAKTKPREEQYNSTYR
728,62,3,B,11,1212.6,0.00578588,-,YVDGVEVHNAKTKPREEQYNSTYR
729,62,3,B,12,1313.65,0.0,-,YVDGVEVHNAKTKPREEQYNSTYR
730,62,3,B,13,1441.74,0.0179613,-,YVDGVEVHNAKTKPREEQYNSTYR
731,62,3,B,14,1538.8,0.0,-,YVDGVEVHNAKTKPREEQYNSTYR
732,62,3,B,15,1694.9,0.0,-,YVDGVEVHNAKTKPREEQYNSTYR
733,62,3,B,16,1823.94,0.0,-,YVDGVEVHNAKTKPREEQYNSTYR
734,62,3,B,17,1952.98,0.0,-,YVDGVEVHNAKTKPREEQYNSTYR
735,62,3,B,18,2081.04,0.00043105,-,YVDGVEVHNAKTKPREEQYNSTYR
736,62,3,B,19,2244.1,0.00033748,-,YVDGVEVHNAKTKPREEQYNSTYR
737,62,3,B,20,2358.15,4.33818e-05,-,YVDGVEVHNAKTKPREEQYNSTYR
738,62,3,B,21,2445.18,0.000176821,-,YVDGVEVHNAKTKPREEQYNSTYR
739,62,3,B,22,2546.23,7.34727e-05,-,YVDGVEVHNAKTKPREEQYNSTYR
740,62,3,B,23,2709.29,1.61949e-05,-,YVDGVEVHNAKTKPREEQYNSTYR
741,62,3,Y,1,175.119,0.0425976,-,YVDGVEVHNAKTKPREEQYNSTYR
742,62,3,Y,2,338.182,0.00544208,-,YVDGVEVHNAKTKPREEQYNSTYR
743,62,3,Y,3,439.23,0.0119326,-,YVDGVEVHNAKTKPREEQYNSTYR
744,62,3,Y,4,526.262,0.0593492,-,YVDGVEVHNAKTKPREEQYNSTYR
745,62,3,Y,5,640.305,0.0833031,-,YVDGVEVHNAKTKPREEQYNSTYR
746,62,3,Y,6,803.368,0.0911992,-,YVDGVEVHNAKTKPREEQYNSTYR
747,62,3,Y,7,931.427,0.0408318,-,YVDGVEVHNAKTKPREEQYNSTYR
748,62,3,Y,8,1060.47,0.0102144,-,YVDGVEVHNAKTKPREEQYNSTYR
749,62,3,Y,9,1189.51,0.0177692,-,YVDGVEVHNAKTKPREEQYNSTYR
750,62,3,Y,10,1345.61,0.0,-,YVDGVEVHNAKTKPREEQYNSTYR
751,62,3,Y,11,1442.67,0.0975247,-,YVDGVEVHNAKTKPREEQYNSTYR
752,62,3,Y,12,1570.76,0.00446502,-,YVDGVEVHNAKTKPREEQYNSTYR
753,62,3,Y,13,1671.81,0.0224798,-,YVDGVEVHNAKTKPREEQYNSTYR
754,62,3,Y,14,1799.9,0.00703028,-,YVDGVEVHNAKTKPREEQYNSTYR
755,62,3,Y,15,1870.94,0.0,-,YVDGVEVHNAKTKPREEQYNSTYR
756,62,3,Y,16,1984.98,0.00131078,-,YVDGVEVHNAKTKPREEQYNSTYR
757,62,3,Y,17,2122.04,0.00511381,-,YVDGVEVHNAKTKPREEQYNSTYR
758,62,3,Y,18,2221.11,0.0,-,YVDGVEVHNAKTKPREEQYNSTYR
759,62,3,Y,19,2350.15,0.000575213,-,YVDGVEVHNAKTKPREEQYNSTYR
760,62,3,Y,20,2449.22,0.0,-,YVDGVEVHNAKTKPREEQYNSTYR
761,62,3,Y,21,2506.24,0.0,-,YVDGVEVHNAKTKPREEQYNSTYR
762,62,3,Y,22,2621.27,0.000264499,-,YVDGVEVHNAKTKPREEQYNSTYR
763,62,3,Y,23,2720.34,5.6945e-06,-,YVDGVEVHNAKTKPREEQYNSTYR
764,80,4,B,1,164.071,0.0,-,YVDGVEVHNAKTKPR
765,80,4,B,2,263.139,0.0343787,-,YVDGVEVHNAKTKPR
766,80,4,B,3,378.166,0.002789,-,YVDGVEVHNAKTKPR
767,80,4,B,4,435.187,0.00460941,-,YVDGVEVHNAKTKPR
768,80,4,B,5,534.256,0.0016894,-,YVDGVEVHNAKTKPR
769,80,4,B,6,663.298,0.000388172,-,YVDGVEVHNAKTKPR
770,80,4,B,7,762.367,9.31304e-05,-,YVDGVEVHNAKTKPR
771,80,4,B,8,899.426,0.0,-,YVDGVEVHNAKTKPR
772,80,4,B,9,1013.47,0.0,-,YVDGVEVHNAKTKPR
773,80,4,B,10,1084.51,5.42912e-05,-,YVDGVEVHNAKTKPR
774,80,4,B,11,1212.6,0.0,-,YVDGVEVHNAKTKPR
775,80,4,B,12,1313.65,4.13113e-05,-,YVDGVEVHNAKTKPR
776,80,4,B,13,1441.74,0.0,-,YVDGVEVHNAKTKPR
777,80,4,B,14,1538.8,0.000135388,-,YVDGVEVHNAKTKPR
778,80,4,Y,1,175.119,0.0858859,-,YVDGVEVHNAKTKPR
779,80,4,Y,2,272.172,0.131544,-,YVDGVEVHNAKTKPR
780,80,4,Y,3,400.267,0.0699731,-,YVDGVEVHNAKTKPR
781,80,4,Y,4,501.314,0.19889,-,YVDGVEVHNAKTKPR
782,80,4,Y,5,629.409,0.0828945,-,YVDGVEVHNAKTKPR
783,80,4,Y,6,700.446,0.110754,-,YVDGVEVHNAKTKPR
784,80,4,Y,7,814.489,0.223856,-,YVDGVEVHNAKTKPR
785,80,4,Y,8,951.548,0.0475155,-,YVDGVEVHNAKTKPR
786,80,4,Y,9,1050.62,0.00381041,-,YVDGVEVHNAKTKPR
787,80,4,Y,10,1179.66,0.00027341,-,YVDGVEVHNAKTKPR
788,80,4,Y,11,1278.73,0.0,-,YVDGVEVHNAKTKPR
789,80,4,Y,12,1335.75,0.0,-,YVDGVEVHNAKTKPR
790,80,4,Y,13,1450.78,0.000424962,-,YVDGVEVHNAKTKPR
791,80,4,Y,14,1549.84,0.0,-,YVDGVEVHNAKTKPR
792,87,3,B,1,164.071,0.0,-,YVDGVEVHNAKTKPR
793,87,3,B,2,263.139,0.0655047,-,YVDGVEVHNAKTKPR
794,87,3,B,3,378.166,0.0127209,-,YVDGVEVHNAKTKPR
795,87,3,B,4,435.187,0.0148566,-,YVDGVEVHNAKTKPR
796,87,3,B,5,534.256,0.00109269,-,YVDGVEVHNAKTKPR
797,87,3,B,6,663.298,0.0,-,YVDGVEVHNAKTKPR
798,87,3,B,7,762.367,0.00143862,-,YVDGVEVHNAKTKPR
799,87,3,B,8,899.426,0.00110687,-,YVDGVEVHNAKTKPR
800,87,3,B,9,1013.47,0.000863939,-,YVDGVEVHNAKTKPR
801,87,3,B,10,1084.51,0.00150176,-,YVDGVEVHNAKTKPR
802,87,3,B,11,1212.6,4.8581e-05,-,YVDGVEVHNAKTKPR
803,87,3,B,12,1313.65,0.0,-,YVDGVEVHNAKTKPR
804,87,3,B,13,1441.74,0.0,-,YVDGVEVHNAKTKPR
805,87,3,B,14,1538.8,8.47362e-05,-,YVDGVEVHNAKTKPR
806,87,3,Y,1,175.119,0.062957,-,YVDGVEVHNAKTKPR
807,87,3,Y,2,272.172,0.11585,-,YVDGVEVHNAKTKPR
808,87,3,Y,3,400.267,0.0391497,-,YVDGVEVHNAKTKPR
809,87,3,Y,4,501.314,0.114659,-,YVDGVEVHNAKTKPR
810,87,3,Y,5,629.409,0.0664598,-,YVDGVEVHNAKTKPR
811,87,3,Y,6,700.446,0.0948448,-,YVDGVEVHNAKTKPR
812,87,3,Y,7,814.489,0.241595,-,YVDGVEVHNAKTKPR
813,87,3,Y,8,951.548,0.122554,-,YVDGVEVHNAKTKPR
814,87,3,Y,9,1050.62,0.0265308,-,YVDGVEVHNAKTKPR
815,87,3,Y,10,1179.66,0.0149917,-,YVDGVEVHNAKTKPR
816,87,3,Y,11,1278.73,0.000294504,-,YVDGVEVHNAKTKPR
817,87,3,Y,12,1335.75,0.0,-,YVDGVEVHNAKTKPR
818,87,3,Y,13,1450.78,0.000893134,-,YVDGVEVHNAKTKPR
819,87,3,Y,14,1549.84,1.0952e-06,-,YVDGVEVHNAKTKPR
820,95,2,B,1,164.071,0.0,-,YVDGVEVHNAKTKPR
821,95,2,B,2,263.139,0.0351361,-,YVDGVEVHNAKTKPR
822,95,2,B,3,378.166,0.0201256,-,YVDGVEVHNAKTKPR
823,95,2,B,4,435.187,0.0462631,-,YVDGVEVHNAKTKPR
824,95,2,B,5,534.256,0.0102663,-,YVDGVEVHNAKTKPR
825,95,2,B,6,663.298,0.0146795,-,YVDGVEVHNAKTKPR
826,95,2,B,7,762.367,0.0102382,-,YVDGVEVHNAKTKPR
827,95,2,B,8,899.426,0.0169427,-,YVDGVEVHNAKTKPR
828,95,2,B,9,1013.47,0.0119792,-,YVDGVEVHNAKTKPR
829,95,2,B,10,1084.51,0.0187234,-,YVDGVEVHNAKTKPR
830,95,2,B,11,1212.6,0.00395204,-,YVDGVEVHNAKTKPR
831,95,2,B,12,1313.65,0.00503252,-,YVDGVEVHNAKTKPR
832,95,2,B,13,1441.74,0.0115976,-,YVDGVEVHNAKTKPR
833,95,2,B,14,1538.8,0.00112015,-,YVDGVEVHNAKTKPR
834,95,2,Y,1,175.119,0.0434457,-,YVDGVEVHNAKTKPR
835,95,2,Y,2,272.172,0.0956031,-,YVDGVEVHNAKTKPR
836,95,2,Y,3,400.267,0.0286544,-,YVDGVEVHNAKTKPR
837,95,2,Y,4,501.314,0.0847843,-,YVDGVEVHNAKTKPR
838,95,2,Y,5,629.409,0.0409358,-,YVDGVEVHNAKTKPR
839,95,2,Y,6,700.446,0.0619929,-,YVDGVEVHNAKTKPR
840,95,2,Y,7,814.489,0.21079,-,YVDGVEVHNAKTKPR
841,95,2,Y,8,951.548,0.120305,-,YVDGVEVHNAKTKPR
842,95,2,Y,9,1050.62,0.0550897,-,YVDGVEVHNAKTKPR
843,95,2,Y,10,1179.66,0.032649,-,YVDGVEVHNAKTKPR
844,95,2,Y,11,1278.73,0.000472146,-,YVDGVEVHNAKTKPR
845,95,2,Y,12,1335.75,0.00875611,-,YVDGVEVHNAKTKPR
846,95,2,Y,13,1450.78,0.0104657,-,YVDGVEVHNAKTKPR
847,95,2,Y,14,1549.84,0.0,-,YVDGVEVHNAKTKPR
848,102,3,B,1,164.071,0.0,-,YVDGVEVHNAKTK
849,102,3,B,2,263.139,0.0579142,-,YVDGVEVHNAKTK
850,102,3,B,3,378.166,0.00549125,-,YVDGVEVHNAKTK
851,102,3,B,4,435.187,0.0,-,YVDGVEVHNAKTK
852,102,3,B,5,534.256,1.62703e-05,-,YVDGVEVHNAKTK
853,102,3,B,6,663.298,0.00043211,-,YVDGVEVHNAKTK
854,102,3,B,7,762.367,0.00178545,-,YVDGVEVHNAKTK
855,102,3,B,8,899.426,0.00054833,-,YVDGVEVHNAKTK
856,102,3,B,9,1013.47,0.00030382,-,YVDGVEVHNAKTK
857,102,3,B,10,1084.51,0.0,-,YVDGVEVHNAKTK
858,102,3,B,11,1212.6,0.0,-,YVDGVEVHNAKTK
859,102,3,B,12,1313.65,7.85916e-05,-,YVDGVEVHNAKTK
860,102,3,Y,1,147.113,0.117939,-,YVDGVEVHNAKTK
861,102,3,Y,2,248.16,0.159196,-,YVDGVEVHNAKTK
862,102,3,Y,3,376.255,0.0234975,-,YVDGVEVHNAKTK
863,102,3,Y,4,447.293,0.0365478,-,YVDGVEVHNAKTK
864,102,3,Y,5,561.335,0.141485,-,YVDGVEVHNAKTK
865,102,3,Y,6,698.394,0.20064,-,YVDGVEVHNAKTK
866,102,3,Y,7,797.463,0.151183,-,YVDGVEVHNAKTK
867,102,3,Y,8,926.505,0.102353,-,YVDGVEVHNAKTK
868,102,3,Y,9,1025.57,0.000177686,-,YVDGVEVHNAKTK
869,102,3,Y,10,1082.6,0.000411273,-,YVDGVEVHNAKTK
870,102,3,Y,11,1197.62,0.0,-,YVDGVEVHNAKTK
871,102,3,Y,12,1296.69,0.0,-,YVDGVEVHNAKTK
872,112,2,B,1,164.071,0.0,-,YVDGVEVHNAKTK
873,112,2,B,2,263.139,0.07514,-,YVDGVEVHNAKTK
874,112,2,B,3,378.166,0.0217047,-,YVDGVEVHNAKTK
875,112,2,B,4,435.187,0.0518521,-,YVDGVEVHNAKTK
876,112,2,B,5,534.256,0.00862569,-,YVDGVEVHNAKTK
877,112,2,B,6,663.298,0.00941713,-,YVDGVEVHNAKTK
878,112,2,B,7,762.367,0.00414774,-,YVDGVEVHNAKTK
879,112,2,B,8,899.426,0.00492794,-,YVDGVEVHNAKTK
880,112,2,B,9,1013.47,0.00399464,-,YVDGVEVHNAKTK
881,112,2,B,10,1084.51,0.0120311,-,YVDGVEVHNAKTK
882,112,2,B,11,1212.6,0.00962918,-,YVDGVEVHNAKTK
883,112,2,B,12,1313.65,0.00159714,-,YVDGVEVHNAKTK
884,112,2,Y,1,147.113,0.0519894,-,YVDGVEVHNAKTK
885,112,2,Y,2,248.16,0.101852,-,YVDGVEVHNAKTK
886,112,2,Y,3,376.255,0.0220851,-,YVDGVEVHNAKTK
887,112,2,Y,4,447.293,0.0199548,-,YVDGVEVHNAKTK
888,112,2,Y,5,561.335,0.0721803,-,YVDGVEVHNAKTK
889,112,2,Y,6,698.394,0.153493,-,YVDGVEVHNAKTK
890,112,2,Y,7,797.463,0.125197,-,YVDGVEVHNAKTK
891,112,2,Y,8,926.505,0.142205,-,YVDGVEVHNAKTK
892,112,2,Y,9,1025.57,0.00448005,-,YVDGVEVHNAKTK
893,112,2,Y,10,1082.6,0.0212948,-,YVDGVEVHNAKTK
894,112,2,Y,11,1197.62,0.0814659,-,YVDGVEVHNAKTK
895,112,2,Y,12,1296.69,0.000734683,-,YVDGVEVHNAKTK
896,121,3,B,1,164.071,0.0,-,YVDGVEVHNAK
897,121,3,B,2,263.139,0.0386763,-,YVDGVEVHNAK
898,121,3,B,3,378.166,0.00423341,-,YVDGVEVHNAK
899,121,3,B,4,435.187,0.009535,-,YVDGVEVHNAK
900,121,3,B,5,534.256,0.00143376,-,YVDGVEVHNAK
901,121,3,B,6,663.298,0.000300282,-,YVDGVEVHNAK
902,121,3,B,7,762.367,0.000962712,-,YVDGVEVHNAK
903,121,3,B,8,899.426,0.000216672,-,YVDGVEVHNAK
904,121,3,B,9,1013.47,0.000654228,-,YVDGVEVHNAK
905,121,3,B,10,1084.51,0.000288132,-,YVDGVEVHNAK
906,121,3,Y,1,147.113,0.1712,-,YVDGVEVHNAK
907,121,3,Y,2,218.15,0.0370703,-,YVDGVEVHNAK
908,121,3,Y,3,332.193,0.112468,-,YVDGVEVHNAK
909,121,3,Y,4,469.252,0.17579,-,YVDGVEVHNAK
910,121,3,Y,5,568.32,0.154173,-,YVDGVEVHNAK
911,121,3,Y,6,697.363,0.222696,-,YVDGVEVHNAK
912,121,3,Y,7,796.431,0.0167676,-,YVDGVEVHNAK
913,121,3,Y,8,853.453,0.0350577,-,YVDGVEVHNAK
914,121,3,Y,9,968.48,0.0184762,-,YVDGVEVHNAK
915,121,3,Y,10,1067.55,0.0,-,YVDGVEVHNAK
916,132,2,B,1,164.071,0.0,-,YVDGVEVHNAK
917,132,2,B,2,263.139,0.0784547,-,YVDGVEVHNAK
918,132,2,B,3,378.166,0.017427,-,YVDGVEVHNAK
919,132,2,B,4,435.187,0.027321,-,YVDGVEVHNAK
920,132,2,B,5,534.256,0.0014024,-,YVDGVEVHNAK
921,132,2,B,6,663.298,0.000899523,-,YVDGVEVHNAK
922,132,2,B,7,762.367,0.0011296,-,YVDGVEVHNAK
923,132,2,B,8,899.426,0.00173415,-,YVDGVEVHNAK
924,132,2,B,9,1013.47,0.000938821,-,YVDGVEVHNAK
925,132,2,B,10,1084.51,8.50403e-05,-,YVDGVEVHNAK
926,132,2,Y,1,147.113,0.0947185,-,YVDGVEVHNAK
927,132,2,Y,2,218.15,0.0229598,-,YVDGVEVHNAK
928,132,2,Y,3,332.193,0.062218,-,YVDGVEVHNAK
929,132,2,Y,4,469.252,0.123785,-,YVDGVEVHNAK
930,132,2,Y,5,568.32,0.0745382,-,YVDGVEVHNAK
931,132,2,Y,6,697.363,0.144746,-,YVDGVEVHNAK
932,132,2,Y,7,796.431,0.01457,-,YVDGVEVHNAK
933,132,2,Y,8,853.453,0.0625037,-,YVDGVEVHNAK
934,132,2,Y,9,968.48,0.261461,-,YVDGVEVHNAK
935,132,2,Y,10,1067.55,0.00910743,-,YVDGVEVHNAK
936,144,3,B,1,164.071,0.00132925,-,YTQKSLSLSPG
937,144,3,B,2,265.118,0.0418097,-,YTQKSLSLSPG
938,144,3,B,3,393.177,0.0109838,-,YTQKSLSLSPG
939,144,3,B,4,521.272,0.008636,-,YTQKSLSLSPG
940,144,3,B,5,608.304,0.0211765,-,YTQKSLSLSPG
941,144,3,B,6,721.388,0.0155546,-,YTQKSLSLSPG
942,144,3,B,7,808.42,0.0287562,-,YTQKSLSLSPG
943,144,3,B,8,921.504,0.0114183,-,YTQKSLSLSPG
944,144,3,B,9,1008.54,0.00582573,-,YTQKSLSLSPG
945,144,3,B,10,1105.59,0.0,-,YTQKSLSLSPG
946,144,3,Y,1,76.0393,0.0,-,YTQKSLSLSPG
947,144,3,Y,2,173.092,0.746612,-,YTQKSLSLSPG
948,144,3,Y,3,260.124,0.092856,-,YTQKSLSLSPG
949,144,3,Y,4,373.208,0.000773811,-,YTQKSLSLSPG
950,144,3,Y,5,460.24,0.00165407,-,YTQKSLSLSPG
951,144,3,Y,6,573.324,0.00135679,-,YTQKSLSLSPG
952,144,3,Y,7,660.356,0.0,-,YTQKSLSLSPG
953,144,3,Y,8,788.451,0.00663108,-,YTQKSLSLSPG
954,144,3,Y,9,916.51,0.00416285,-,YTQKSLSLSPG
955,144,3,Y,10,1017.56,0.000462906,-,YTQKSLSLSPG
956,145,2,B,1,164.071,0.00053209,-,YTQKSLSLSPG
957,145,2,B,2,265.118,0.0391716,-,YTQKSLSLSPG
958,145,2,B,3,393.177,0.00857961,-,YTQKSLSLSPG
959,145,2,B,4,521.272,0.0055715,-,YTQKSLSLSPG
960,145,2,B,5,608.304,0.0163792,-,YTQKSLSLSPG
961,145,2,B,6,721.388,0.0141374,-,YTQKSLSLSPG
962,145,2,B,7,808.42,0.0287224,-,YTQKSLSLSPG
963,145,2,B,8,921.504,0.00699401,-,YTQKSLSLSPG
964,145,2,B,9,1008.54,0.0185165,-,YTQKSLSLSPG
965,145,2,B,10,1105.59,0.0,-,YTQKSLSLSPG
966,145,2,Y,1,76.0393,0.0,-,YTQKSLSLSPG
967,145,2,Y,2,173.092,0.734811,-,YTQKSLSLSPG
968,145,2,Y,3,260.124,0.110012,-,YTQKSLSLSPG
969,145,2,Y,4,373.208,0.00116292,-,YTQKSLSLSPG
970,145,2,Y,5,460.24,0.00121323,-,YTQKSLSLSPG
971,145,2,Y,6,573.324,0.00101297,-,YTQKSLSLSPG
972,145,2,Y,7,660.356,0.000160292,-,YTQKSLSLSPG
973,145,2,Y,8,788.451,0.00405093,-,YTQKSLSLSPG
974,145,2,Y,9,916.51,0.00559525,-,YTQKSLSLSPG
975,145,2,Y,10,1017.56,0.00337703,-,YTQKSLSLSPG
976,149,1,B,1,164.071,0.0,-,YTQKSLSLSPG
977,149,1,B,2,265.118,0.0303412,-,YTQKSLSLSPG
978,149,1,B,3,393.177,0.0387475,-,YTQKSLSLSPG
979,149,1,B,4,521.272,0.0858901,-,YTQKSLSLSPG
980,149,1,B,5,608.304,0.189848,-,YTQKSLSLSPG
981,149,1,B,6,721.388,0.163989,-,YTQKSLSLSPG
982,149,1,B,7,808.42,0.10685,-,YTQKSLSLSPG
983,149,1,B,8,921.504,0.0999945,-,YTQKSLSLSPG
984,149,1,B,9,1008.54,0.0937619,-,YTQKSLSLSPG
985,149,1,B,10,1105.59,0.00789192,-,YTQKSLSLSPG
986,149,1,Y,1,76.0393,0.0,-,YTQKSLSLSPG
987,149,1,Y,2,173.092,0.0471298,-,YTQKSLSLSPG
988,149,1,Y,3,260.124,0.0616368,-,YTQKSLSLSPG
989,149,1,Y,4,373.208,0.00526008,-,YTQKSLSLSPG
990,149,1,Y,5,460.24,0.0085951,-,YTQKSLSLSPG
991,149,1,Y,6,573.324,0.0070064,-,YTQKSLSLSPG
992,149,1,Y,7,660.356,0.00664285,-,YTQKSLSLSPG
993,149,1,Y,8,788.451,0.032164,-,YTQKSLSLSPG
994,149,1,Y,9,916.51,0.0110592,-,YTQKSLSLSPG
995,149,1,Y,10,1017.56,0.00319173,-,YTQKSLSLSPG
996,150,6,B,1,164.071,0.0,-,YTLPPSREEMTKNQVSLTCLVKGFYPSDIAVEWESNGQPENNYK
997,150,6,B,2,265.118,0.113124,-,YTLPPSREEMTKNQVSLTCLVKGFYPSDIAVEWESNGQPENNYK
998,150,6,B,3,378.202,0.0150674,-,YTLPPSREEMTKNQVSLTCLVKGFYPSDIAVEWESNGQPENNYK
999,150,6,B,4,475.255,0.0101562,-,YTLPPSREEMTKNQVSLTCLVKGFYPSDIAVEWESNGQPENNYK
1000,150,6,B,5,572.308,2.02423e-05,-,YTLPPSREEMTKNQVSLTCLVKGFYPSDIAVEWESNGQPENNYK
1001,150,6,B,6,659.34,7.22693e-06,-,YTLPPSREEMTKNQVSLTCLVKGFYPSDIAVEWESNGQPENNYK
1002,150,6,B,7,815.441,0.0,-,YTLPPSREEMTKNQVSLTCLVKGFYPSDIAVEWESNGQPENNYK
1003,150,6,B,8,944.484,0.00235751,-,YTLPPSREEMTKNQVSLTCLVKGFYPSDIAVEWESNGQPENNYK
1004,150,6,B,9,1073.53,0.0137874,-,YTLPPSREEMTKNQVSLTCLVKGFYPSDIAVEWESNGQPENNYK
1005,150,6,B,10,1204.57,0.0203401,-,YTLPPSREEMTKNQVSLTCLVKGFYPSDIAVEWESNGQPENNYK
1006,150,6,B,11,1305.61,0.0165114,-,YTLPPSREEMTKNQVSLTCLVKGFYPSDIAVEWESNGQPENNYK
1007,150,6,B,12,1433.71,0.00308141,-,YTLPPSREEMTKNQVSLTCLVKGFYPSDIAVEWESNGQPENNYK
1008,150,6,B,13,1547.75,0.00290959,-,YTLPPSREEMTKNQVSLTCLVKGFYPSDIAVEWESNGQPENNYK
1009,150,6,B,14,1675.81,0.000820928,-,YTLPPSREEMTKNQVSLTCLVKGFYPSDIAVEWESNGQPENNYK
1010,150,6,B,15,1774.88,0.00398945,-,YTLPPSREEMTKNQVSLTCLVKGFYPSDIAVEWESNGQPENNYK
1011,150,6,B,16,1861.91,0.00140798,-,YTLPPSREEMTKNQVSLTCLVKGFYPSDIAVEWESNGQPENNYK
1012,150,6,B,17,1975.0,0.000855308,-,YTLPPSREEMTKNQVSLTCLVKGFYPSDIAVEWESNGQPENNYK
1013,150,6,B,18,2076.04,0.0,-,YTLPPSREEMTKNQVSLTCLVKGFYPSDIAVEWESNGQPENNYK
1014,150,6,B,19,2179.05,0.00102838,-,YTLPPSREEMTKNQVSLTCLVKGFYPSDIAVEWESNGQPENNYK
1015,150,6,B,20,2292.14,0.0,-,YTLPPSREEMTKNQVSLTCLVKGFYPSDIAVEWESNGQPENNYK
1016,150,6,B,21,2391.2,0.000467661,-,YTLPPSREEMTKNQVSLTCLVKGFYPSDIAVEWESNGQPENNYK
1017,150,6,B,22,2519.3,0.00150462,-,YTLPPSREEMTKNQVSLTCLVKGFYPSDIAVEWESNGQPENNYK
1018,150,6,B,23,2576.32,0.0,-,YTLPPSREEMTKNQVSLTCLVKGFYPSDIAVEWESNGQPENNYK
1019,150,6,B,24,2723.39,0.000821981,-,YTLPPSREEMTKNQVSLTCLVKGFYPSDIAVEWESNGQPENNYK
1020,150,6,B,25,2886.45,0.0,-,YTLPPSREEMTKNQVSLTCLVKGFYPSDIAVEWESNGQPENNYK
1021,150,6,B,26,2983.51,0.000996817,-,YTLPPSREEMTKNQVSLTCLVKGFYPSDIAVEWESNGQPENNYK
1022,150,6,B,27,3070.54,0.000665621,-,YTLPPSREEMTKNQVSLTCLVKGFYPSDIAVEWESNGQPENNYK
1023,150,6,B,28,3185.56,0.000153938,-,YTLPPSREEMTKNQVSLTCLVKGFYPSDIAVEWESNGQPENNYK
1024,150,6,B,29,3298.65,0.000377973,-,YTLPPSREEMTKNQVSLTCLVKGFYPSDIAVEWESNGQPENNYK
1025,150,6,B,30,3369.69,0.00035299,-,YTLPPSREEMTKNQVSLTCLVKGFYPSDIAVEWESNGQPENNYK
1026,150,6,B,31,3468.75,9.99994e-05,-,YTLPPSREEMTKNQVSLTCLVKGFYPSDIAVEWESNGQPENNYK
1027,150,6,B,32,3597.8,0.00106292,-,YTLPPSREEMTKNQVSLTCLVKGFYPSDIAVEWESNGQPENNYK
1028,150,6,B,33,3783.88,0.000503952,-,YTLPPSREEMTKNQVSLTCLVKGFYPSDIAVEWESNGQPENNYK
1029,150,6,B,34,3912.92,0.000746461,-,YTLPPSREEMTKNQVSLTCLVKGFYPSDIAVEWESNGQPENNYK
1030,150,6,B,35,3999.95,0.0,-,YTLPPSREEMTKNQVSLTCLVKGFYPSDIAVEWESNGQPENNYK
1031,150,6,B,36,4113.99,0.000175023,-,YTLPPSREEMTKNQVSLTCLVKGFYPSDIAVEWESNGQPENNYK
1032,150,6,B,37,4171.01,0.000131793,-,YTLPPSREEMTKNQVSLTCLVKGFYPSDIAVEWESNGQPENNYK
1033,150,6,B,38,4299.07,0.0,-,YTLPPSREEMTKNQVSLTCLVKGFYPSDIAVEWESNGQPENNYK
1034,150,6,B,39,4396.13,0.000347548,-,YTLPPSREEMTKNQVSLTCLVKGFYPSDIAVEWESNGQPENNYK
1035,150,6,B,40,4525.17,2.4246e-05,-,YTLPPSREEMTKNQVSLTCLVKGFYPSDIAVEWESNGQPENNYK
1036,150,6,B,41,4639.21,6.77415e-05,-,YTLPPSREEMTKNQVSLTCLVKGFYPSDIAVEWESNGQPENNYK
1037,150,6,B,42,4753.25,0.000156926,-,YTLPPSREEMTKNQVSLTCLVKGFYPSDIAVEWESNGQPENNYK
1038,150,6,B,43,4916.32,2.36411e-05,-,YTLPPSREEMTKNQVSLTCLVKGFYPSDIAVEWESNGQPENNYK
1039,150,6,Y,1,147.113,0.0682028,-,YTLPPSREEMTKNQVSLTCLVKGFYPSDIAVEWESNGQPENNYK
1040,150,6,Y,2,310.176,0.0301926,-,YTLPPSREEMTKNQVSLTCLVKGFYPSDIAVEWESNGQPENNYK
1041,150,6,Y,3,424.219,0.0244398,-,YTLPPSREEMTKNQVSLTCLVKGFYPSDIAVEWESNGQPENNYK
1042,150,6,Y,4,538.262,0.0413462,-,YTLPPSREEMTKNQVSLTCLVKGFYPSDIAVEWESNGQPENNYK
1043,150,6,Y,5,667.305,0.00926476,-,YTLPPSREEMTKNQVSLTCLVKGFYPSDIAVEWESNGQPENNYK
1044,150,6,Y,6,764.357,0.353957,-,YTLPPSREEMTKNQVSLTCLVKGFYPSDIAVEWESNGQPENNYK
1045,150,6,Y,7,892.416,0.0120074,-,YTLPPSREEMTKNQVSLTCLVKGFYPSDIAVEWESNGQPENNYK
1046,150,6,Y,8,949.437,0.0654168,-,YTLPPSREEMTKNQVSLTCLVKGFYPSDIAVEWESNGQPENNYK
1047,150,6,Y,9,1063.48,0.0284698,-,YTLPPSREEMTKNQVSLTCLVKGFYPSDIAVEWESNGQPENNYK
1048,150,6,Y,10,1150.51,0.0691741,-,YTLPPSREEMTKNQVSLTCLVKGFYPSDIAVEWESNGQPENNYK
1049,150,6,Y,11,1279.55,0.0230762,-,YTLPPSREEMTKNQVSLTCLVKGFYPSDIAVEWESNGQPENNYK
1050,150,6,Y,12,1465.63,0.0255904,-,YTLPPSREEMTKNQVSLTCLVKGFYPSDIAVEWESNGQPENNYK
1051,150,6,Y,13,1594.68,0.0127408,-,YTLPPSREEMTKNQVSLTCLVKGFYPSDIAVEWESNGQPENNYK
1052,150,6,Y,14,1693.75,0.00866582,-,YTLPPSREEMTKNQVSLTCLVKGFYPSDIAVEWESNGQPENNYK
1053,150,6,Y,15,1764.78,0.00313312,-,YTLPPSREEMTKNQVSLTCLVKGFYPSDIAVEWESNGQPENNYK
1054,150,6,Y,16,1877.87,0.00242227,-,YTLPPSREEMTKNQVSLTCLVKGFYPSDIAVEWESNGQPENNYK
1055,150,6,Y,17,1992.89,0.0,-,YTLPPSREEMTKNQVSLTCLVKGFYPSDIAVEWESNGQPENNYK
1056,150,6,Y,18,2079.93,0.000717966,-,YTLPPSREEMTKNQVSLTCLVKGFYPSDIAVEWESNGQPENNYK
1057,150,6,Y,19,2176.98,0.00167882,-,YTLPPSREEMTKNQVSLTCLVKGFYPSDIAVEWESNGQPENNYK
1058,150,6,Y,20,2340.04,0.000743401,-,YTLPPSREEMTKNQVSLTCLVKGFYPSDIAVEWESNGQPENNYK
1059,150,6,Y,21,2487.11,0.000681183,-,YTLPPSREEMTKNQVSLTCLVKGFYPSDIAVEWESNGQPENNYK
1060,150,6,Y,22,2544.13,0.000625388,-,YTLPPSREEMTKNQVSLTCLVKGFYPSDIAVEWESNGQPENNYK
1061,150,6,Y,23,2672.23,0.00129474,-,YTLPPSREEMTKNQVSLTCLVKGFYPSDIAVEWESNGQPENNYK
1062,150,6,Y,24,2771.29,0.0,-,YTLPPSREEMTKNQVSLTCLVKGFYPSDIAVEWESNGQPENNYK
1063,150,6,Y,25,2884.38,0.000584506,-,YTLPPSREEMTKNQVSLTCLVKGFYPSDIAVEWESNGQPENNYK
1064,150,6,Y,26,2987.39,0.00118635,-,YTLPPSREEMTKNQVSLTCLVKGFYPSDIAVEWESNGQPENNYK
1065,150,6,Y,27,3088.44,0.0,-,YTLPPSREEMTKNQVSLTCLVKGFYPSDIAVEWESNGQPENNYK
1066,150,6,Y,28,3201.52,9.51368e-05,-,YTLPPSREEMTKNQVSLTCLVKGFYPSDIAVEWESNGQPENNYK
1067,150,6,Y,29,3288.55,0.0,-,YTLPPSREEMTKNQVSLTCLVKGFYPSDIAVEWESNGQPENNYK
1068,150,6,Y,30,3387.62,0.0,-,YTLPPSREEMTKNQVSLTCLVKGFYPSDIAVEWESNGQPENNYK
1069,150,6,Y,31,3515.68,0.0,-,YTLPPSREEMTKNQVSLTCLVKGFYPSDIAVEWESNGQPENNYK
1070,150,6,Y,32,3629.72,0.0,-,YTLPPSREEMTKNQVSLTCLVKGFYPSDIAVEWESNGQPENNYK
1071,150,6,Y,33,3757.82,0.0,-,YTLPPSREEMTKNQVSLTCLVKGFYPSDIAVEWESNGQPENNYK
1072,150,6,Y,34,3858.86,0.0,-,YTLPPSREEMTKNQVSLTCLVKGFYPSDIAVEWESNGQPENNYK
1073,150,6,Y,35,3989.9,0.0,-,YTLPPSREEMTKNQVSLTCLVKGFYPSDIAVEWESNGQPENNYK
1074,150,6,Y,36,4118.95,0.0,-,YTLPPSREEMTKNQVSLTCLVKGFYPSDIAVEWESNGQPENNYK
1075,150,6,Y,37,4247.99,0.0,-,YTLPPSREEMTKNQVSLTCLVKGFYPSDIAVEWESNGQPENNYK
1076,150,6,Y,38,4404.09,0.000146621,-,YTLPPSREEMTKNQVSLTCLVKGFYPSDIAVEWESNGQPENNYK
1077,150,6,Y,39,4491.12,0.0,-,YTLPPSREEMTKNQVSLTCLVKGFYPSDIAVEWESNGQPENNYK
1078,150,6,Y,40,4588.18,0.0,-,YTLPPSREEMTKNQVSLTCLVKGFYPSDIAVEWESNGQPENNYK
1079,150,6,Y,41,4685.23,0.0,-,YTLPPSREEMTKNQVSLTCLVKGFYPSDIAVEWESNGQPENNYK
1080,150,6,Y,42,4798.31,0.0,-,YTLPPSREEMTKNQVSLTCLVKGFYPSDIAVEWESNGQPENNYK
1081,150,6,Y,43,4899.36,0.0,-,YTLPPSREEMTKNQVSLTCLVKGFYPSDIAVEWESNGQPENNYK
1082,155,5,B,1,164.071,0.0,-,YTLPPSREEMTKNQVSLTCLVKGFYPSDIAVEWESNGQPENNYK
1083,155,5,B,2,265.118,0.111384,-,YTLPPSREEMTKNQVSLTCLVKGFYPSDIAVEWESNGQPENNYK
1084,155,5,B,3,378.202,0.0157511,-,YTLPPSREEMTKNQVSLTCLVKGFYPSDIAVEWESNGQPENNYK
1085,155,5,B,4,475.255,0.00975812,-,YTLPPSREEMTKNQVSLTCLVKGFYPSDIAVEWESNGQPENNYK
1086,155,5,B,5,572.308,0.0,-,YTLPPSREEMTKNQVSLTCLVKGFYPSDIAVEWESNGQPENNYK
1087,155,5,B,6,659.34,0.0,-,YTLPPSREEMTKNQVSLTCLVKGFYPSDIAVEWESNGQPENNYK
1088,155,5,B,7,815.441,0.0,-,YTLPPSREEMTKNQVSLTCLVKGFYPSDIAVEWESNGQPENNYK
1089,155,5,B,8,944.484,0.00245612,-,YTLPPSREEMTKNQVSLTCLVKGFYPSDIAVEWESNGQPENNYK
1090,155,5,B,9,1073.53,0.0144493,-,YTLPPSREEMTKNQVSLTCLVKGFYPSDIAVEWESNGQPENNYK
1091,155,5,B,10,1204.57,0.0217061,-,YTLPPSREEMTKNQVSLTCLVKGFYPSDIAVEWESNGQPENNYK
1092,155,5,B,11,1305.61,0.0180534,-,YTLPPSREEMTKNQVSLTCLVKGFYPSDIAVEWESNGQPENNYK
1093,155,5,B,12,1433.71,0.00332986,-,YTLPPSREEMTKNQVSLTCLVKGFYPSDIAVEWESNGQPENNYK
1094,155,5,B,13,1547.75,0.00314728,-,YTLPPSREEMTKNQVSLTCLVKGFYPSDIAVEWESNGQPENNYK
1095,155,5,B,14,1675.81,0.0010369,-,YTLPPSREEMTKNQVSLTCLVKGFYPSDIAVEWESNGQPENNYK
1096,155,5,B,15,1774.88,0.00442047,-,YTLPPSREEMTKNQVSLTCLVKGFYPSDIAVEWESNGQPENNYK
1097,155,5,B,16,1861.91,0.00179235,-,YTLPPSREEMTKNQVSLTCLVKGFYPSDIAVEWESNGQPENNYK
1098,155,5,B,17,1975.0,0.000959442,-,YTLPPSREEMTKNQVSLTCLVKGFYPSDIAVEWESNGQPENNYK
1099,155,5,B,18,2076.04,0.0,-,YTLPPSREEMTKNQVSLTCLVKGFYPSDIAVEWESNGQPENNYK
1100,155,5,B,19,2179.05,0.00124902,-,YTLPPSREEMTKNQVSLTCLVKGFYPSDIAVEWESNGQPENNYK
1101,155,5,B,20,2292.14,0.0,-,YTLPPSREEMTKNQVSLTCLVKGFYPSDIAVEWESNGQPENNYK
1102,155,5,B,21,2391.2,0.00048463,-,YTLPPSREEMTKNQVSLTCLVKGFYPSDIAVEWESNGQPENNYK
1103,155,5,B,22,2519.3,0.00157246,-,YTLPPSREEMTKNQVSLTCLVKGFYPSDIAVEWESNGQPENNYK
1104,155,5,B,23,2576.32,0.0,-,YTLPPSREEMTKNQVSLTCLVKGFYPSDIAVEWESNGQPENNYK
1105,155,5,B,24,2723.39,0.000877348,-,YTLPPSREEMTKNQVSLTCLVKGFYPSDIAVEWESNGQPENNYK
1106,155,5,B,25,2886.45,0.0,-,YTLPPSREEMTKNQVSLTCLVKGFYPSDIAVEWESNGQPENNYK
1107,155,5,B,26,2983.51,0.00102371,-,YTLPPSREEMTKNQVSLTCLVKGFYPSDIAVEWESNGQPENNYK
1108,155,5,B,27,3070.54,0.00067323,-,YTLPPSREEMTKNQVSLTCLVKGFYPSDIAVEWESNGQPENNYK
1109,155,5,B,28,3185.56,0.000131759,-,YTLPPSREEMTKNQVSLTCLVKGFYPSDIAVEWESNGQPENNYK
1110,155,5,B,29,3298.65,0.000391454,-,YTLPPSREEMTKNQVSLTCLVKGFYPSDIAVEWESNGQPENNYK
1111,155,5,B,30,3369.69,0.000381238,-,YTLPPSREEMTKNQVSLTCLVKGFYPSDIAVEWESNGQPENNYK
1112,155,5,B,31,3468.75,0.000145759,-,YTLPPSREEMTKNQVSLTCLVKGFYPSDIAVEWESNGQPENNYK
1113,155,5,B,32,3597.8,0.000950682,-,YTLPPSREEMTKNQVSLTCLVKGFYPSDIAVEWESNGQPENNYK
1114,155,5,B,33,3783.88,0.000565465,-,YTLPPSREEMTKNQVSLTCLVKGFYPSDIAVEWESNGQPENNYK
1115,155,5,B,34,3912.92,0.000777356,-,YTLPPSREEMTKNQVSLTCLVKGFYPSDIAVEWESNGQPENNYK
1116,155,5,B,35,3999.95,0.0,-,YTLPPSREEMTKNQVSLTCLVKGFYPSDIAVEWESNGQPENNYK
1117,155,5,B,36,4113.99,0.000189709,-,YTLPPSREEMTKNQVSLTCLVKGFYPSDIAVEWESNGQPENNYK
1118,155,5,B,37,4171.01,0.00014787,-,YTLPPSREEMTKNQVSLTCLVKGFYPSDIAVEWESNGQPENNYK
1119,155,5,B,38,4299.07,0.0,-,YTLPPSREEMTKNQVSLTCLVKGFYPSDIAVEWESNGQPENNYK
1120,155,5,B,39,4396.13,0.000376613,-,YTLPPSREEMTKNQVSLTCLVKGFYPSDIAVEWESNGQPENNYK
1121,155,5,B,40,4525.17,2.44991e-05,-,YTLPPSREEMTKNQVSLTCLVKGFYPSDIAVEWESNGQPENNYK
1122,155,5,B,41,4639.21,7.95314e-05,-,YTLPPSREEMTKNQVSLTCLVKGFYPSDIAVEWESNGQPENNYK
1123,155,5,B,42,4753.25,0.0001667,-,YTLPPSREEMTKNQVSLTCLVKGFYPSDIAVEWESNGQPENNYK
1124,155,5,B,43,4916.32,2.39142e-05,-,YTLPPSREEMTKNQVSLTCLVKGFYPSDIAVEWESNGQPENNYK
1125,155,5,Y,1,147.113,0.0683565,-,YTLPPSREEMTKNQVSLTCLVKGFYPSDIAVEWESNGQPENNYK
1126,155,5,Y,2,310.176,0.0281164,-,YTLPPSREEMTKNQVSLTCLVKGFYPSDIAVEWESNGQPENNYK
1127,155,5,Y,3,424.219,0.0215464,-,YTLPPSREEMTKNQVSLTCLVKGFYPSDIAVEWESNGQPENNYK
1128,155,5,Y,4,538.262,0.0391609,-,YTLPPSREEMTKNQVSLTCLVKGFYPSDIAVEWESNGQPENNYK
1129,155,5,Y,5,667.305,0.0073508,-,YTLPPSREEMTKNQVSLTCLVKGFYPSDIAVEWESNGQPENNYK
1130,155,5,Y,6,764.357,0.348971,-,YTLPPSREEMTKNQVSLTCLVKGFYPSDIAVEWESNGQPENNYK
1131,155,5,Y,7,892.416,0.0121175,-,YTLPPSREEMTKNQVSLTCLVKGFYPSDIAVEWESNGQPENNYK
1132,155,5,Y,8,949.437,0.0651677,-,YTLPPSREEMTKNQVSLTCLVKGFYPSDIAVEWESNGQPENNYK
1133,155,5,Y,9,1063.48,0.0295042,-,YTLPPSREEMTKNQVSLTCLVKGFYPSDIAVEWESNGQPENNYK
1134,155,5,Y,10,1150.51,0.0730074,-,YTLPPSREEMTKNQVSLTCLVKGFYPSDIAVEWESNGQPENNYK
1135,155,5,Y,11,1279.55,0.0254703,-,YTLPPSREEMTKNQVSLTCLVKGFYPSDIAVEWESNGQPENNYK
1136,155,5,Y,12,1465.63,0.0253218,-,YTLPPSREEMTKNQVSLTCLVKGFYPSDIAVEWESNGQPENNYK
1137,155,5,Y,13,1594.68,0.0141931,-,YTLPPSREEMTKNQVSLTCLVKGFYPSDIAVEWESNGQPENNYK
1138,155,5,Y,14,1693.75,0.00950177,-,YTLPPSREEMTKNQVSLTCLVKGFYPSDIAVEWESNGQPENNYK
1139,155,5,Y,15,1764.78,0.00324339,-,YTLPPSREEMTKNQVSLTCLVKGFYPSDIAVEWESNGQPENNYK
1140,155,5,Y,16,1877.87,0.00271793,-,YTLPPSREEMTKNQVSLTCLVKGFYPSDIAVEWESNGQPENNYK
1141,155,5,Y,17,1992.89,0.0,-,YTLPPSREEMTKNQVSLTCLVKGFYPSDIAVEWESNGQPENNYK
1142,155,5,Y,18,2079.93,0.000616548,-,YTLPPSREEMTKNQVSLTCLVKGFYPSDIAVEWESNGQPENNYK
1143,155,5,Y,19,2176.98,0.00177009,-,YTLPPSREEMTKNQVSLTCLVKGFYPSDIAVEWESNGQPENNYK
1144,155,5,Y,20,2340.04,0.000779142,-,YTLPPSREEMTKNQVSLTCLVKGFYPSDIAVEWESNGQPENNYK
1145,155,5,Y,21,2487.11,0.00072191,-,YTLPPSREEMTKNQVSLTCLVKGFYPSDIAVEWESNGQPENNYK
1146,155,5,Y,22,2544.13,0.000662779,-,YTLPPSREEMTKNQVSLTCLVKGFYPSDIAVEWESNGQPENNYK
1147,155,5,Y,23,2672.23,0.00137215,-,YTLPPSREEMTKNQVSLTCLVKGFYPSDIAVEWESNGQPENNYK
1148,155,5,Y,24,2771.29,0.0,-,YTLPPSREEMTKNQVSLTCLVKGFYPSDIAVEWESNGQPENNYK
1149,155,5,Y,25,2884.38,0.000339448,-,YTLPPSREEMTKNQVSLTCLVKGFYPSDIAVEWESNGQPENNYK
1150,155,5,Y,26,2987.39,0.00125728,-,YTLPPSREEMTKNQVSLTCLVKGFYPSDIAVEWESNGQPENNYK
1151,155,5,Y,27,3088.44,0.0,-,YTLPPSREEMTKNQVSLTCLVKGFYPSDIAVEWESNGQPENNYK
1152,155,5,Y,28,3201.52,0.000100825,-,YTLPPSREEMTKNQVSLTCLVKGFYPSDIAVEWESNGQPENNYK
1153,155,5,Y,29,3288.55,0.0,-,YTLPPSREEMTKNQVSLTCLVKGFYPSDIAVEWESNGQPENNYK
1154,155,5,Y,30,3387.62,0.0,-,YTLPPSREEMTKNQVSLTCLVKGFYPSDIAVEWESNGQPENNYK
1155,155,5,Y,31,3515.68,0.0,-,YTLPPSREEMTKNQVSLTCLVKGFYPSDIAVEWESNGQPENNYK
1156,155,5,Y,32,3629.72,0.0,-,YTLPPSREEMTKNQVSLTCLVKGFYPSDIAVEWESNGQPENNYK
1157,155,5,Y,33,3757.82,0.0,-,YTLPPSREEMTKNQVSLTCLVKGFYPSDIAVEWESNGQPENNYK
1158,155,5,Y,34,3858.86,0.0,-,YTLPPSREEMTKNQVSLTCLVKGFYPSDIAVEWESNGQPENNYK
1159,155,5,Y,35,3989.9,0.0,-,YTLPPSREEMTKNQVSLTCLVKGFYPSDIAVEWESNGQPENNYK
1160,155,5,Y,36,4118.95,0.0,-,YTLPPSREEMTKNQVSLTCLVKGFYPSDIAVEWESNGQPENNYK
1161,155,5,Y,37,4247.99,0.0,-,YTLPPSREEMTKNQVSLTCLVKGFYPSDIAVEWESNGQPENNYK
1162,155,5,Y,38,4404.09,0.000155387,-,YTLPPSREEMTKNQVSLTCLVKGFYPSDIAVEWESNGQPENNYK
1163,155,5,Y,39,4491.12,0.0,-,YTLPPSREEMTKNQVSLTCLVKGFYPSDIAVEWESNGQPENNYK
1164,155,5,Y,40,4588.18,0.0,-,YTLPPSREEMTKNQVSLTCLVKGFYPSDIAVEWESNGQPENNYK
1165,155,5,Y,41,4685.23,0.0,-,YTLPPSREEMTKNQVSLTCLVKGFYPSDIAVEWESNGQPENNYK
1166,155,5,Y,42,4798.31,0.0,-,YTLPPSREEMTKNQVSLTCLVKGFYPSDIAVEWESNGQPENNYK
1167,155,5,Y,43,4899.36,0.0,-,YTLPPSREEMTKNQVSLTCLVKGFYPSDIAVEWESNGQPENNYK
1168,163,6,B,1,164.071,0.0,-,YTLPPSREEMTKNQVSLTCLVK
1169,163,6,B,2,265.118,0.319865,-,YTLPPSREEMTKNQVSLTCLVK
1170,163,6,B,3,378.202,0.0170048,-,YTLPPSREEMTKNQVSLTCLVK
1171,163,6,B,4,475.255,0.0189707,-,YTLPPSREEMTKNQVSLTCLVK
1172,163,6,B,5,572.308,0.00509103,-,YTLPPSREEMTKNQVSLTCLVK
1173,163,6,B,6,659.34,0.000984909,-,YTLPPSREEMTKNQVSLTCLVK
1174,163,6,B,7,815.441,0.00240831,-,YTLPPSREEMTKNQVSLTCLVK
1175,163,6,B,8,944.484,0.00488073,-,YTLPPSREEMTKNQVSLTCLVK
1176,163,6,B,9,1073.53,0.0414144,-,YTLPPSREEMTKNQVSLTCLVK
1177,163,6,B,10,1204.57,0.0283953,-,YTLPPSREEMTKNQVSLTCLVK
1178,163,6,B,11,1305.61,0.0299651,-,YTLPPSREEMTKNQVSLTCLVK
1179,163,6,B,12,1433.71,0.00281982,-,YTLPPSREEMTKNQVSLTCLVK
1180,163,6,B,13,1547.75,0.00268376,-,YTLPPSREEMTKNQVSLTCLVK
1181,163,6,B,14,1675.81,0.000394272,-,YTLPPSREEMTKNQVSLTCLVK
1182,163,6,B,15,1774.88,0.000602357,-,YTLPPSREEMTKNQVSLTCLVK
1183,163,6,B,16,1861.91,0.0,-,YTLPPSREEMTKNQVSLTCLVK
1184,163,6,B,17,1975.0,0.00151264,-,YTLPPSREEMTKNQVSLTCLVK
1185,163,6,B,18,2076.04,0.0,-,YTLPPSREEMTKNQVSLTCLVK
1186,163,6,B,19,2179.05,0.00144692,-,YTLPPSREEMTKNQVSLTCLVK
1187,163,6,B,20,2292.14,0.000357829,-,YTLPPSREEMTKNQVSLTCLVK
1188,163,6,B,21,2391.2,0.000961262,-,YTLPPSREEMTKNQVSLTCLVK
1189,163,6,Y,1,147.113,0.110888,-,YTLPPSREEMTKNQVSLTCLVK
1190,163,6,Y,2,246.181,0.186896,-,YTLPPSREEMTKNQVSLTCLVK
1191,163,6,Y,3,359.265,0.0599869,-,YTLPPSREEMTKNQVSLTCLVK
1192,163,6,Y,4,462.274,0.0171405,-,YTLPPSREEMTKNQVSLTCLVK
1193,163,6,Y,5,563.322,0.0278661,-,YTLPPSREEMTKNQVSLTCLVK
1194,163,6,Y,6,676.406,0.0103851,-,YTLPPSREEMTKNQVSLTCLVK
1195,163,6,Y,7,763.438,0.0394498,-,YTLPPSREEMTKNQVSLTCLVK
1196,163,6,Y,8,862.507,0.0245509,-,YTLPPSREEMTKNQVSLTCLVK
1197,163,6,Y,9,990.565,0.0111175,-,YTLPPSREEMTKNQVSLTCLVK
1198,163,6,Y,10,1104.61,0.0317398,-,YTLPPSREEMTKNQVSLTCLVK
1199,163,6,Y,11,1232.7,0.0,-,YTLPPSREEMTKNQVSLTCLVK
1200,163,6,Y,12,1333.75,0.0,-,YTLPPSREEMTKNQVSLTCLVK
1201,163,6,Y,13,1464.79,0.0,-,YTLPPSREEMTKNQVSLTCLVK
1202,163,6,Y,14,1593.83,0.0,-,YTLPPSREEMTKNQVSLTCLVK
1203,163,6,Y,15,1722.88,0.0,-,YTLPPSREEMTKNQVSLTCLVK
1204,163,6,Y,16,1878.98,0.0,-,YTLPPSREEMTKNQVSLTCLVK
1205,163,6,Y,17,1966.01,0.0,-,YTLPPSREEMTKNQVSLTCLVK
1206,163,6,Y,18,2063.06,0.0,-,YTLPPSREEMTKNQVSLTCLVK
1207,163,6,Y,19,2160.12,0.0,-,YTLPPSREEMTKNQVSLTCLVK
1208,163,6,Y,20,2273.2,0.0,-,YTLPPSREEMTKNQVSLTCLVK
1209,163,6,Y,21,2374.25,0.000219852,-,YTLPPSREEMTKNQVSLTCLVK
1210,164,5,B,1,164.071,0.0,-,YTLPPSREEMTKNQVSLTCLVK
1211,164,5,B,2,265.118,0.314868,-,YTLPPSREEMTKNQVSLTCLVK
1212,164,5,B,3,378.202,0.0187508,-,YTLPPSREEMTKNQVSLTCLVK
1213,164,5,B,4,475.255,0.0212593,-,YTLPPSREEMTKNQVSLTCLVK
1214,164,5,B,5,572.308,0.00727263,-,YTLPPSREEMTKNQVSLTCLVK
1215,164,5,B,6,659.34,0.00472703,-,YTLPPSREEMTKNQVSLTCLVK
1216,164,5,B,7,815.441,0.00437274,-,YTLPPSREEMTKNQVSLTCLVK
1217,164,5,B,8,944.484,0.00575873,-,YTLPPSREEMTKNQVSLTCLVK
1218,164,5,B,9,1073.53,0.0422521,-,YTLPPSREEMTKNQVSLTCLVK
1219,164,5,B,10,1204.57,0.0285272,-,YTLPPSREEMTKNQVSLTCLVK
1220,164,5,B,11,1305.61,0.0289173,-,YTLPPSREEMTKNQVSLTCLVK
1221,164,5,B,12,1433.71,0.0027101,-,YTLPPSREEMTKNQVSLTCLVK
1222,164,5,B,13,1547.75,0.00252015,-,YTLPPSREEMTKNQVSLTCLVK
1223,164,5,B,14,1675.81,0.00045681,-,YTLPPSREEMTKNQVSLTCLVK
1224,164,5,B,15,1774.88,0.000627819,-,YTLPPSREEMTKNQVSLTCLVK
1225,164,5,B,16,1861.91,0.0,-,YTLPPSREEMTKNQVSLTCLVK
1226,164,5,B,17,1975.0,0.00157414,-,YTLPPSREEMTKNQVSLTCLVK
1227,164,5,B,18,2076.04,0.0,-,YTLPPSREEMTKNQVSLTCLVK
1228,164,5,B,19,2179.05,0.00136395,-,YTLPPSREEMTKNQVSLTCLVK
1229,164,5,B,20,2292.14,0.000334251,-,YTLPPSREEMTKNQVSLTCLVK
1230,164,5,B,21,2391.2,0.000758674,-,YTLPPSREEMTKNQVSLTCLVK
1231,164,5,Y,1,147.113,0.13205,-,YTLPPSREEMTKNQVSLTCLVK
1232,164,5,Y,2,246.181,0.173401,-,YTLPPSREEMTKNQVSLTCLVK
1233,164,5,Y,3,359.265,0.0600945,-,YTLPPSREEMTKNQVSLTCLVK
1234,164,5,Y,4,462.274,0.016729,-,YTLPPSREEMTKNQVSLTCLVK
1235,164,5,Y,5,563.322,0.0252296,-,YTLPPSREEMTKNQVSLTCLVK
1236,164,5,Y,6,676.406,0.00951099,-,YTLPPSREEMTKNQVSLTCLVK
1237,164,5,Y,7,763.438,0.034499,-,YTLPPSREEMTKNQVSLTCLVK
1238,164,5,Y,8,862.507,0.0227041,-,YTLPPSREEMTKNQVSLTCLVK
1239,164,5,Y,9,990.565,0.00905706,-,YTLPPSREEMTKNQVSLTCLVK
1240,164,5,Y,10,1104.61,0.0293862,-,YTLPPSREEMTKNQVSLTCLVK
1241,164,5,Y,11,1232.7,0.0,-,YTLPPSREEMTKNQVSLTCLVK
1242,164,5,Y,12,1333.75,0.0,-,YTLPPSREEMTKNQVSLTCLVK
1243,164,5,Y,13,1464.79,0.0,-,YTLPPSREEMTKNQVSLTCLVK
1244,164,5,Y,14,1593.83,0.0,-,YTLPPSREEMTKNQVSLTCLVK
1245,164,5,Y,15,1722.88,0.0,-,YTLPPSREEMTKNQVSLTCLVK
1246,164,5,Y,16,1878.98,0.0,-,YTLPPSREEMTKNQVSLTCLVK
1247,164,5,Y,17,1966.01,0.0,-,YTLPPSREEMTKNQVSLTCLVK
1248,164,5,Y,18,2063.06,0.0,-,YTLPPSREEMTKNQVSLTCLVK
1249,164,5,Y,19,2160.12,7.7325e-05,-,YTLPPSREEMTKNQVSLTCLVK
1250,164,5,Y,20,2273.2,0.0,-,YTLPPSREEMTKNQVSLTCLVK
1251,164,5,Y,21,2374.25,0.000209448,-,YTLPPSREEMTKNQVSLTCLVK
1252,165,4,B,1,164.071,0.0,-,YTLPPSREEMTKNQVSLTCLVK
1253,165,4,B,2,265.118,0.343114,-,YTLPPSREEMTKNQVSLTCLVK
1254,165,4,B,3,378.202,0.0167552,-,YTLPPSREEMTKNQVSLTCLVK
1255,165,4,B,4,475.255,0.0154571,-,YTLPPSREEMTKNQVSLTCLVK
1256,165,4,B,5,572.308,0.00298271,-,YTLPPSREEMTKNQVSLTCLVK
1257,165,4,B,6,659.34,0.00177343,-,YTLPPSREEMTKNQVSLTCLVK
1258,165,4,B,7,815.441,0.00394447,-,YTLPPSREEMTKNQVSLTCLVK
1259,165,4,B,8,944.484,0.00823798,-,YTLPPSREEMTKNQVSLTCLVK
1260,165,4,B,9,1073.53,0.0505976,-,YTLPPSREEMTKNQVSLTCLVK
1261,165,4,B,10,1204.57,0.0269454,-,YTLPPSREEMTKNQVSLTCLVK
1262,165,4,B,11,1305.61,0.0352033,-,YTLPPSREEMTKNQVSLTCLVK
1263,165,4,B,12,1433.71,0.00195659,-,YTLPPSREEMTKNQVSLTCLVK
1264,165,4,B,13,1547.75,0.00221384,-,YTLPPSREEMTKNQVSLTCLVK
1265,165,4,B,14,1675.81,0.000281548,-,YTLPPSREEMTKNQVSLTCLVK
1266,165,4,B,15,1774.88,0.000476566,-,YTLPPSREEMTKNQVSLTCLVK
1267,165,4,B,16,1861.91,0.0,-,YTLPPSREEMTKNQVSLTCLVK
1268,165,4,B,17,1975.0,0.00130822,-,YTLPPSREEMTKNQVSLTCLVK
1269,165,4,B,18,2076.04,0.0,-,YTLPPSREEMTKNQVSLTCLVK
1270,165,4,B,19,2179.05,0.00131394,-,YTLPPSREEMTKNQVSLTCLVK
1271,165,4,B,20,2292.14,5.68557e-05,-,YTLPPSREEMTKNQVSLTCLVK
1272,165,4,B,21,2391.2,0.000712687,-,YTLPPSREEMTKNQVSLTCLVK
1273,165,4,Y,1,147.113,0.113254,-,YTLPPSREEMTKNQVSLTCLVK
1274,165,4,Y,2,246.181,0.149237,-,YTLPPSREEMTKNQVSLTCLVK
1275,165,4,Y,3,359.265,0.0360084,-,YTLPPSREEMTKNQVSLTCLVK
1276,165,4,Y,4,462.274,0.00486039,-,YTLPPSREEMTKNQVSLTCLVK
1277,165,4,Y,5,563.322,0.0203044,-,YTLPPSREEMTKNQVSLTCLVK
1278,165,4,Y,6,676.406,0.00879724,-,YTLPPSREEMTKNQVSLTCLVK
1279,165,4,Y,7,763.438,0.0645923,-,YTLPPSREEMTKNQVSLTCLVK
1280,165,4,Y,8,862.507,0.0337834,-,YTLPPSREEMTKNQVSLTCLVK
1281,165,4,Y,9,990.565,0.0168873,-,YTLPPSREEMTKNQVSLTCLVK
1282,165,4,Y,10,1104.61,0.0363964,-,YTLPPSREEMTKNQVSLTCLVK
1283,165,4,Y,11,1232.7,0.00229771,-,YTLPPSREEMTKNQVSLTCLVK
1284,165,4,Y,12,1333.75,0.0,-,YTLPPSREEMTKNQVSLTCLVK
1285,165,4,Y,13,1464.79,0.0,-,YTLPPSREEMTKNQVSLTCLVK
1286,165,4,Y,14,1593.83,0.0,-,YTLPPSREEMTKNQVSLTCLVK
1287,165,4,Y,15,1722.88,0.0,-,YTLPPSREEMTKNQVSLTCLVK
1288,165,4,Y,16,1878.98,0.0,-,YTLPPSREEMTKNQVSLTCLVK
1289,165,4,Y,17,1966.01,0.0,-,YTLPPSREEMTKNQVSLTCLVK
1290,165,4,Y,18,2063.06,0.0,-,YTLPPSREEMTKNQVSLTCLVK
1291,165,4,Y,19,2160.12,8.05625e-05,-,YTLPPSREEMTKNQVSLTCLVK
1292,165,4,Y,20,2273.2,0.0,-,YTLPPSREEMTKNQVSLTCLVK
1293,165,4,Y,21,2374.25,0.00016938,-,YTLPPSREEMTKNQVSLTCLVK
1294,169,3,B,1,164.071,0.0,-,YTLPPSREEMTKNQVSLTCLVK
1295,169,3,B,2,265.118,0.371291,-,YTLPPSREEMTKNQVSLTCLVK
1296,169,3,B,3,378.202,0.0202875,-,YTLPPSREEMTKNQVSLTCLVK
1297,169,3,B,4,475.255,0.0218787,-,YTLPPSREEMTKNQVSLTCLVK
1298,169,3,B,5,572.308,0.00308066,-,YTLPPSREEMTKNQVSLTCLVK
1299,169,3,B,6,659.34,0.0,-,YTLPPSREEMTKNQVSLTCLVK
1300,169,3,B,7,815.441,0.00693177,-,YTLPPSREEMTKNQVSLTCLVK
1301,169,3,B,8,944.484,0.0193923,-,YTLPPSREEMTKNQVSLTCLVK
1302,169,3,B,9,1073.53,0.0509742,-,YTLPPSREEMTKNQVSLTCLVK
1303,169,3,B,10,1204.57,0.0876452,-,YTLPPSREEMTKNQVSLTCLVK
1304,169,3,B,11,1305.61,0.0970494,-,YTLPPSREEMTKNQVSLTCLVK
1305,169,3,B,12,1433.71,0.00956094,-,YTLPPSREEMTKNQVSLTCLVK
1306,169,3,B,13,1547.75,0.00235471,-,YTLPPSREEMTKNQVSLTCLVK
1307,169,3,B,14,1675.81,0.0,-,YTLPPSREEMTKNQVSLTCLVK
1308,169,3,B,15,1774.88,0.0,-,YTLPPSREEMTKNQVSLTCLVK
1309,169,3,B,16,1861.91,0.0,-,YTLPPSREEMTKNQVSLTCLVK
1310,169,3,B,17,1975.0,0.00126433,-,YTLPPSREEMTKNQVSLTCLVK
1311,169,3,B,18,2076.04,0.0,-,YTLPPSREEMTKNQVSLTCLVK
1312,169,3,B,19,2179.05,0.000749593,-,YTLPPSREEMTKNQVSLTCLVK
1313,169,3,B,20,2292.14,9.0101e-05,-,YTLPPSREEMTKNQVSLTCLVK
1314,169,3,B,21,2391.2,0.000692489,-,YTLPPSREEMTKNQVSLTCLVK
1315,169,3,Y,1,147.113,0.0810282,-,YTLPPSREEMTKNQVSLTCLVK
1316,169,3,Y,2,246.181,0.113977,-,YTLPPSREEMTKNQVSLTCLVK
1317,169,3,Y,3,359.265,0.0222324,-,YTLPPSREEMTKNQVSLTCLVK
1318,169,3,Y,4,462.274,0.00127201,-,YTLPPSREEMTKNQVSLTCLVK
1319,169,3,Y,5,563.322,0.0,-,YTLPPSREEMTKNQVSLTCLVK
1320,169,3,Y,6,676.406,0.0,-,YTLPPSREEMTKNQVSLTCLVK
1321,169,3,Y,7,763.438,0.00979119,-,YTLPPSREEMTKNQVSLTCLVK
1322,169,3,Y,8,862.507,0.0134347,-,YTLPPSREEMTKNQVSLTCLVK
1323,169,3,Y,9,990.565,0.0128167,-,YTLPPSREEMTKNQVSLTCLVK
1324,169,3,Y,10,1104.61,0.0409869,-,YTLPPSREEMTKNQVSLTCLVK
1325,169,3,Y,11,1232.7,0.00602997,-,YTLPPSREEMTKNQVSLTCLVK
1326,169,3,Y,12,1333.75,0.00185796,-,YTLPPSREEMTKNQVSLTCLVK
1327,169,3,Y,13,1464.79,0.00263679,-,YTLPPSREEMTKNQVSLTCLVK
1328,169,3,Y,14,1593.83,0.0,-,YTLPPSREEMTKNQVSLTCLVK
1329,169,3,Y,15,1722.88,0.000426523,-,YTLPPSREEMTKNQVSLTCLVK
1330,169,3,Y,16,1878.98,0.0,-,YTLPPSREEMTKNQVSLTCLVK
1331,169,3,Y,17,1966.01,0.0,-,YTLPPSREEMTKNQVSLTCLVK
1332,169,3,Y,18,2063.06,0.0,-,YTLPPSREEMTKNQVSLTCLVK
1333,169,3,Y,19,2160.12,8.83936e-05,-,YTLPPSREEMTKNQVSLTCLVK
1334,169,3,Y,20,2273.2,0.0,-,YTLPPSREEMTKNQVSLTCLVK
1335,169,3,Y,21,2374.25,0.000178209,-,YTLPPSREEMTKNQVSLTCLVK
1336,175,3,B,1,164.071,0.00126599,-,YTLPPSREEMTK
1337,175,3,B,2,265.118,0.17247,-,YTLPPSREEMTK
1338,175,3,B,3,378.202,0.0,-,YTLPPSREEMTK
1339,175,3,B,4,475.255,0.000392385,-,YTLPPSREEMTK
1340,175,3,B,5,572.308,0.000553062,-,YTLPPSREEMTK
1341,175,3,B,6,659.34,0.000563662,-,YTLPPSREEMTK
1342,175,3,B,7,815.441,0.0,-,YTLPPSREEMTK
1343,175,3,B,8,944.484,0.0,-,YTLPPSREEMTK
1344,175,3,B,9,1073.53,0.00116372,-,YTLPPSREEMTK
1345,175,3,B,10,1204.57,0.00115274,-,YTLPPSREEMTK
1346,175,3,B,11,1305.61,0.0,-,YTLPPSREEMTK
1347,175,3,Y,1,147.113,0.263328,-,YTLPPSREEMTK
1348,175,3,Y,2,248.16,0.111682,-,YTLPPSREEMTK
1349,175,3,Y,3,379.201,0.0244565,-,YTLPPSREEMTK
1350,175,3,Y,4,508.243,0.0034809,-,YTLPPSREEMTK
1351,175,3,Y,5,637.286,0.00442834,-,YTLPPSREEMTK
1352,175,3,Y,6,793.387,0.00281526,-,YTLPPSREEMTK
1353,175,3,Y,7,880.419,0.0872023,-,YTLPPSREEMTK
1354,175,3,Y,8,977.472,0.290042,-,YTLPPSREEMTK
1355,175,3,Y,9,1074.52,0.033871,-,YTLPPSREEMTK
1356,175,3,Y,10,1187.61,0.00111876,-,YTLPPSREEMTK
1357,175,3,Y,11,1288.66,1.44019e-05,-,YTLPPSREEMTK
1358,177,2,B,1,164.071,0.00062791,-,YTLPPSREEMTK
1359,177,2,B,2,265.118,0.119646,-,YTLPPSREEMTK
1360,177,2,B,3,378.202,0.00279919,-,YTLPPSREEMTK
1361,177,2,B,4,475.255,0.00221547,-,YTLPPSREEMTK
1362,177,2,B,5,572.308,0.0,-,YTLPPSREEMTK
1363,177,2,B,6,659.34,0.0,-,YTLPPSREEMTK
1364,177,2,B,7,815.441,3.56654e-05,-,YTLPPSREEMTK
1365,177,2,B,8,944.484,0.00947449,-,YTLPPSREEMTK
1366,177,2,B,9,1073.53,0.0437864,-,YTLPPSREEMTK
1367,177,2,B,10,1204.57,0.052515,-,YTLPPSREEMTK
1368,177,2,B,11,1305.61,0.0226936,-,YTLPPSREEMTK
1369,177,2,Y,1,147.113,0.136443,-,YTLPPSREEMTK
1370,177,2,Y,2,248.16,0.101515,-,YTLPPSREEMTK
1371,177,2,Y,3,379.201,0.0247875,-,YTLPPSREEMTK
1372,177,2,Y,4,508.243,0.00390566,-,YTLPPSREEMTK
1373,177,2,Y,5,637.286,0.000473086,-,YTLPPSREEMTK
1374,177,2,Y,6,793.387,0.0,-,YTLPPSREEMTK
1375,177,2,Y,7,880.419,0.00877205,-,YTLPPSREEMTK
1376,177,2,Y,8,977.472,0.131229,-,YTLPPSREEMTK
1377,177,2,Y,9,1074.52,0.298169,-,YTLPPSREEMTK
1378,177,2,Y,10,1187.61,0.0385366,-,YTLPPSREEMTK
1379,177,2,Y,11,1288.66,0.00237613,-,YTLPPSREEMTK
1380,179,2,B,1,164.071,0.00112269,-,YTLPPSR
1381,179,2,B,2,265.118,0.0876822,-,YTLPPSR
1382,179,2,B,3,378.202,0.000361247,-,YTLPPSR
1383,179,2,B,4,475.255,0.0,-,YTLPPSR
1384,179,2,B,5,572.308,0.000641674,-,YTLPPSR
1385,179,2,B,6,659.34,0.000556177,-,YTLPPSR
1386,179,2,Y,1,175.119,0.091629,-,YTLPPSR
1387,179,2,Y,2,262.151,0.00653987,-,YTLPPSR
1388,179,2,Y,3,359.204,0.0876849,-,YTLPPSR
1389,179,2,Y,4,456.256,0.531484,-,YTLPPSR
1390,179,2,Y,5,569.341,0.167842,-,YTLPPSR
1391,179,2,Y,6,670.388,0.0244561,-,YTLPPSR
1392,180,6,B,1,164.071,0.00296206,-,YSLSSVVTVPSSSLGTQTYICNVNHKPSNTKVDKR
1393,180,6,B,2,251.103,0.0996126,-,YSLSSVVTVPSSSLGTQTYICNVNHKPSNTKVDKR
1394,180,6,B,3,364.187,0.0184062,-,YSLSSVVTVPSSSLGTQTYICNVNHKPSNTKVDKR
1395,180,6,B,4,451.219,0.0193713,-,YSLSSVVTVPSSSLGTQTYICNVNHKPSNTKVDKR
1396,180,6,B,5,538.251,0.0117073,-,YSLSSVVTVPSSSLGTQTYICNVNHKPSNTKVDKR
1397,180,6,B,6,637.319,0.0330796,-,YSLSSVVTVPSSSLGTQTYICNVNHKPSNTKVDKR
1398,180,6,B,7,736.388,0.0254274,-,YSLSSVVTVPSSSLGTQTYICNVNHKPSNTKVDKR
1399,180,6,B,8,837.435,0.0106487,-,YSLSSVVTVPSSSLGTQTYICNVNHKPSNTKVDKR
1400,180,6,B,9,936.504,0.0134781,-,YSLSSVVTVPSSSLGTQTYICNVNHKPSNTKVDKR
1401,180,6,B,10,1033.56,0.0,-,YSLSSVVTVPSSSLGTQTYICNVNHKPSNTKVDKR
1402,180,6,B,11,1120.59,0.000769621,-,YSLSSVVTVPSSSLGTQTYICNVNHKPSNTKVDKR
1403,180,6,B,12,1207.62,0.00205495,-,YSLSSVVTVPSSSLGTQTYICNVNHKPSNTKVDKR
1404,180,6,B,13,1294.65,0.00414751,-,YSLSSVVTVPSSSLGTQTYICNVNHKPSNTKVDKR
1405,180,6,B,14,1407.74,0.000754159,-,YSLSSVVTVPSSSLGTQTYICNVNHKPSNTKVDKR
1406,180,6,B,15,1464.76,0.00306122,-,YSLSSVVTVPSSSLGTQTYICNVNHKPSNTKVDKR
1407,180,6,B,16,1565.81,0.00122248,-,YSLSSVVTVPSSSLGTQTYICNVNHKPSNTKVDKR
1408,180,6,B,17,1693.86,0.00321474,-,YSLSSVVTVPSSSLGTQTYICNVNHKPSNTKVDKR
1409,180,6,B,18,1794.91,0.00327494,-,YSLSSVVTVPSSSLGTQTYICNVNHKPSNTKVDKR
1410,180,6,B,19,1957.98,0.00136503,-,YSLSSVVTVPSSSLGTQTYICNVNHKPSNTKVDKR
1411,180,6,B,20,2071.06,0.0014303,-,YSLSSVVTVPSSSLGTQTYICNVNHKPSNTKVDKR
1412,180,6,B,21,2174.07,0.00198686,-,YSLSSVVTVPSSSLGTQTYICNVNHKPSNTKVDKR
1413,180,6,B,22,2288.11,0.00206002,-,YSLSSVVTVPSSSLGTQTYICNVNHKPSNTKVDKR
1414,180,6,B,23,2387.18,0.000784483,-,YSLSSVVTVPSSSLGTQTYICNVNHKPSNTKVDKR
1415,180,6,B,24,2501.22,0.0,-,YSLSSVVTVPSSSLGTQTYICNVNHKPSNTKVDKR
1416,180,6,B,25,2638.28,0.0,-,YSLSSVVTVPSSSLGTQTYICNVNHKPSNTKVDKR
1417,180,6,B,26,2766.38,0.0,-,YSLSSVVTVPSSSLGTQTYICNVNHKPSNTKVDKR
1418,180,6,B,27,2863.43,0.000117931,-,YSLSSVVTVPSSSLGTQTYICNVNHKPSNTKVDKR
1419,180,6,B,28,2950.46,0.000736692,-,YSLSSVVTVPSSSLGTQTYICNVNHKPSNTKVDKR
1420,180,6,B,29,3064.5,0.000765741,-,YSLSSVVTVPSSSLGTQTYICNVNHKPSNTKVDKR
1421,180,6,B,30,3165.55,0.000531921,-,YSLSSVVTVPSSSLGTQTYICNVNHKPSNTKVDKR
1422,180,6,B,31,3293.65,8.43331e-05,-,YSLSSVVTVPSSSLGTQTYICNVNHKPSNTKVDKR
1423,180,6,B,32,3392.72,0.00050712,-,YSLSSVVTVPSSSLGTQTYICNVNHKPSNTKVDKR
1424,180,6,B,33,3507.74,0.0,-,YSLSSVVTVPSSSLGTQTYICNVNHKPSNTKVDKR
1425,180,6,B,34,3635.84,0.000120477,-,YSLSSVVTVPSSSLGTQTYICNVNHKPSNTKVDKR
1426,180,6,Y,1,175.119,0.0677758,-,YSLSSVVTVPSSSLGTQTYICNVNHKPSNTKVDKR
1427,180,6,Y,2,303.214,0.284651,-,YSLSSVVTVPSSSLGTQTYICNVNHKPSNTKVDKR
1428,180,6,Y,3,418.241,0.0672427,-,YSLSSVVTVPSSSLGTQTYICNVNHKPSNTKVDKR
1429,180,6,Y,4,517.309,0.0588538,-,YSLSSVVTVPSSSLGTQTYICNVNHKPSNTKVDKR
1430,180,6,Y,5,645.404,0.0288696,-,YSLSSVVTVPSSSLGTQTYICNVNHKPSNTKVDKR
1431,180,6,Y,6,746.452,0.0234964,-,YSLSSVVTVPSSSLGTQTYICNVNHKPSNTKVDKR
1432,180,6,Y,7,860.495,0.020338,-,YSLSSVVTVPSSSLGTQTYICNVNHKPSNTKVDKR
1433,180,6,Y,8,947.527,0.0328576,-,YSLSSVVTVPSSSLGTQTYICNVNHKPSNTKVDKR
1434,180,6,Y,9,1044.58,0.1173,-,YSLSSVVTVPSSSLGTQTYICNVNHKPSNTKVDKR
1435,180,6,Y,10,1172.67,0.0100432,-,YSLSSVVTVPSSSLGTQTYICNVNHKPSNTKVDKR
1436,180,6,Y,11,1309.73,0.00110065,-,YSLSSVVTVPSSSLGTQTYICNVNHKPSNTKVDKR
1437,180,6,Y,12,1423.78,0.00464329,-,YSLSSVVTVPSSSLGTQTYICNVNHKPSNTKVDKR
1438,180,6,Y,13,1522.84,0.00478756,-,YSLSSVVTVPSSSLGTQTYICNVNHKPSNTKVDKR
1439,180,6,Y,14,1636.89,0.00140811,-,YSLSSVVTVPSSSLGTQTYICNVNHKPSNTKVDKR
1440,180,6,Y,15,1739.9,0.0021307,-,YSLSSVVTVPSSSLGTQTYICNVNHKPSNTKVDKR
1441,180,6,Y,16,1852.98,0.000263926,-,YSLSSVVTVPSSSLGTQTYICNVNHKPSNTKVDKR
1442,180,6,Y,17,2016.04,0.00264406,-,YSLSSVVTVPSSSLGTQTYICNVNHKPSNTKVDKR
1443,180,6,Y,18,2117.09,0.00227643,-,YSLSSVVTVPSSSLGTQTYICNVNHKPSNTKVDKR
1444,180,6,Y,19,2245.15,0.0017723,-,YSLSSVVTVPSSSLGTQTYICNVNHKPSNTKVDKR
1445,180,6,Y,20,2346.2,0.00187982,-,YSLSSVVTVPSSSLGTQTYICNVNHKPSNTKVDKR
1446,180,6,Y,21,2403.22,0.000517509,-,YSLSSVVTVPSSSLGTQTYICNVNHKPSNTKVDKR
1447,180,6,Y,22,2516.3,0.0,-,YSLSSVVTVPSSSLGTQTYICNVNHKPSNTKVDKR
1448,180,6,Y,23,2603.34,0.0,-,YSLSSVVTVPSSSLGTQTYICNVNHKPSNTKVDKR
1449,180,6,Y,24,2690.37,0.0,-,YSLSSVVTVPSSSLGTQTYICNVNHKPSNTKVDKR
1450,180,6,Y,25,2777.4,0.0,-,YSLSSVVTVPSSSLGTQTYICNVNHKPSNTKVDKR
1451,180,6,Y,26,2874.45,0.000299401,-,YSLSSVVTVPSSSLGTQTYICNVNHKPSNTKVDKR
1452,180,6,Y,27,2973.52,0.0,-,YSLSSVVTVPSSSLGTQTYICNVNHKPSNTKVDKR
1453,180,6,Y,28,3074.57,0.0,-,YSLSSVVTVPSSSLGTQTYICNVNHKPSNTKVDKR
1454,180,6,Y,29,3173.64,0.0,-,YSLSSVVTVPSSSLGTQTYICNVNHKPSNTKVDKR
1455,180,6,Y,30,3272.71,0.0,-,YSLSSVVTVPSSSLGTQTYICNVNHKPSNTKVDKR
1456,180,6,Y,31,3359.74,0.000193313,-,YSLSSVVTVPSSSLGTQTYICNVNHKPSNTKVDKR
1457,180,6,Y,32,3446.77,0.000215003,-,YSLSSVVTVPSSSLGTQTYICNVNHKPSNTKVDKR
1458,180,6,Y,33,3559.85,0.000624855,-,YSLSSVVTVPSSSLGTQTYICNVNHKPSNTKVDKR
1459,180,6,Y,34,3646.89,0.00013067,-,YSLSSVVTVPSSSLGTQTYICNVNHKPSNTKVDKR
1460,186,5,B,1,164.071,0.00072973,-,YSLSSVVTVPSSSLGTQTYICNVNHKPSNTKVDKR
1461,186,5,B,2,251.103,0.0909064,-,YSLSSVVTVPSSSLGTQTYICNVNHKPSNTKVDKR
1462,186,5,B,3,364.187,0.0192337,-,YSLSSVVTVPSSSLGTQTYICNVNHKPSNTKVDKR
1463,186,5,B,4,451.219,0.0190334,-,YSLSSVVTVPSSSLGTQTYICNVNHKPSNTKVDKR
1464,186,5,B,5,538.251,0.0117266,-,YSLSSVVTVPSSSLGTQTYICNVNHKPSNTKVDKR
1465,186,5,B,6,637.319,0.0333692,-,YSLSSVVTVPSSSLGTQTYICNVNHKPSNTKVDKR
1466,186,5,B,7,736.388,0.024786,-,YSLSSVVTVPSSSLGTQTYICNVNHKPSNTKVDKR
1467,186,5,B,8,837.435,0.00999211,-,YSLSSVVTVPSSSLGTQTYICNVNHKPSNTKVDKR
1468,186,5,B,9,936.504,0.0138675,-,YSLSSVVTVPSSSLGTQTYICNVNHKPSNTKVDKR
1469,186,5,B,10,1033.56,5.98169e-05,-,YSLSSVVTVPSSSLGTQTYICNVNHKPSNTKVDKR
1470,186,5,B,11,1120.59,0.00109367,-,YSLSSVVTVPSSSLGTQTYICNVNHKPSNTKVDKR
1471,186,5,B,12,1207.62,0.00266479,-,YSLSSVVTVPSSSLGTQTYICNVNHKPSNTKVDKR
1472,186,5,B,13,1294.65,0.0044369,-,YSLSSVVTVPSSSLGTQTYICNVNHKPSNTKVDKR
1473,186,5,B,14,1407.74,0.00094549,-,YSLSSVVTVPSSSLGTQTYICNVNHKPSNTKVDKR
1474,186,5,B,15,1464.76,0.00291034,-,YSLSSVVTVPSSSLGTQTYICNVNHKPSNTKVDKR
1475,186,5,B,16,1565.81,0.000645332,-,YSLSSVVTVPSSSLGTQTYICNVNHKPSNTKVDKR
1476,186,5,B,17,1693.86,0.00310137,-,YSLSSVVTVPSSSLGTQTYICNVNHKPSNTKVDKR
1477,186,5,B,18,1794.91,0.00305679,-,YSLSSVVTVPSSSLGTQTYICNVNHKPSNTKVDKR
1478,186,5,B,19,1957.98,0.00119773,-,YSLSSVVTVPSSSLGTQTYICNVNHKPSNTKVDKR
1479,186,5,B,20,2071.06,0.00134107,-,YSLSSVVTVPSSSLGTQTYICNVNHKPSNTKVDKR
1480,186,5,B,21,2174.07,0.00202793,-,YSLSSVVTVPSSSLGTQTYICNVNHKPSNTKVDKR
1481,186,5,B,22,2288.11,0.00197543,-,YSLSSVVTVPSSSLGTQTYICNVNHKPSNTKVDKR
1482,186,5,B,23,2387.18,0.000850473,-,YSLSSVVTVPSSSLGTQTYICNVNHKPSNTKVDKR
1483,186,5,B,24,2501.22,0.0,-,YSLSSVVTVPSSSLGTQTYICNVNHKPSNTKVDKR
1484,186,5,B,25,2638.28,0.0,-,YSLSSVVTVPSSSLGTQTYICNVNHKPSNTKVDKR
1485,186,5,B,26,2766.38,0.0,-,YSLSSVVTVPSSSLGTQTYICNVNHKPSNTKVDKR
1486,186,5,B,27,2863.43,0.000156863,-,YSLSSVVTVPSSSLGTQTYICNVNHKPSNTKVDKR
1487,186,5,B,28,2950.46,0.000747378,-,YSLSSVVTVPSSSLGTQTYICNVNHKPSNTKVDKR
1488,186,5,B,29,3064.5,0.000838796,-,YSLSSVVTVPSSSLGTQTYICNVNHKPSNTKVDKR
1489,186,5,B,30,3165.55,0.000585554,-,YSLSSVVTVPSSSLGTQTYICNVNHKPSNTKVDKR
1490,186,5,B,31,3293.65,0.000106889,-,YSLSSVVTVPSSSLGTQTYICNVNHKPSNTKVDKR
1491,186,5,B,32,3392.72,0.0005288,-,YSLSSVVTVPSSSLGTQTYICNVNHKPSNTKVDKR
1492,186,5,B,33,3507.74,0.0,-,YSLSSVVTVPSSSLGTQTYICNVNHKPSNTKVDKR
1493,186,5,B,34,3635.84,0.00015138,-,YSLSSVVTVPSSSLGTQTYICNVNHKPSNTKVDKR
1494,186,5,Y,1,175.119,0.0632423,-,YSLSSVVTVPSSSLGTQTYICNVNHKPSNTKVDKR
1495,186,5,Y,2,303.214,0.293935,-,YSLSSVVTVPSSSLGTQTYICNVNHKPSNTKVDKR
1496,186,5,Y,3,418.241,0.0631294,-,YSLSSVVTVPSSSLGTQTYICNVNHKPSNTKVDKR
1497,186,5,Y,4,517.309,0.0562888,-,YSLSSVVTVPSSSLGTQTYICNVNHKPSNTKVDKR
1498,186,5,Y,5,645.404,0.0273893,-,YSLSSVVTVPSSSLGTQTYICNVNHKPSNTKVDKR
1499,186,5,Y,6,746.452,0.0227614,-,YSLSSVVTVPSSSLGTQTYICNVNHKPSNTKVDKR
1500,186,5,Y,7,860.495,0.0214826,-,YSLSSVVTVPSSSLGTQTYICNVNHKPSNTKVDKR
1501,186,5,Y,8,947.527,0.0320993,-,YSLSSVVTVPSSSLGTQTYICNVNHKPSNTKVDKR
1502,186,5,Y,9,1044.58,0.127957,-,YSLSSVVTVPSSSLGTQTYICNVNHKPSNTKVDKR
1503,186,5,Y,10,1172.67,0.0102397,-,YSLSSVVTVPSSSLGTQTYICNVNHKPSNTKVDKR
1504,186,5,Y,11,1309.73,0.00123377,-,YSLSSVVTVPSSSLGTQTYICNVNHKPSNTKVDKR
1505,186,5,Y,12,1423.78,0.00628647,-,YSLSSVVTVPSSSLGTQTYICNVNHKPSNTKVDKR
1506,186,5,Y,13,1522.84,0.00487539,-,YSLSSVVTVPSSSLGTQTYICNVNHKPSNTKVDKR
1507,186,5,Y,14,1636.89,0.00294673,-,YSLSSVVTVPSSSLGTQTYICNVNHKPSNTKVDKR
1508,186,5,Y,15,1739.9,0.00224821,-,YSLSSVVTVPSSSLGTQTYICNVNHKPSNTKVDKR
1509,186,5,Y,16,1852.98,0.000210019,-,YSLSSVVTVPSSSLGTQTYICNVNHKPSNTKVDKR
1510,186,5,Y,17,2016.04,0.00260528,-,YSLSSVVTVPSSSLGTQTYICNVNHKPSNTKVDKR
1511,186,5,Y,18,2117.09,0.00224079,-,YSLSSVVTVPSSSLGTQTYICNVNHKPSNTKVDKR
1512,186,5,Y,19,2245.15,0.00188058,-,YSLSSVVTVPSSSLGTQTYICNVNHKPSNTKVDKR
1513,186,5,Y,20,2346.2,0.00191663,-,YSLSSVVTVPSSSLGTQTYICNVNHKPSNTKVDKR
1514,186,5,Y,21,2403.22,0.000512914,-,YSLSSVVTVPSSSLGTQTYICNVNHKPSNTKVDKR
1515,186,5,Y,22,2516.3,0.0,-,YSLSSVVTVPSSSLGTQTYICNVNHKPSNTKVDKR
1516,186,5,Y,23,2603.34,0.0,-,YSLSSVVTVPSSSLGTQTYICNVNHKPSNTKVDKR
1517,186,5,Y,24,2690.37,0.0,-,YSLSSVVTVPSSSLGTQTYICNVNHKPSNTKVDKR
1518,186,5,Y,25,2777.4,0.0,-,YSLSSVVTVPSSSLGTQTYICNVNHKPSNTKVDKR
1519,186,5,Y,26,2874.45,0.000297024,-,YSLSSVVTVPSSSLGTQTYICNVNHKPSNTKVDKR
1520,186,5,Y,27,2973.52,0.0,-,YSLSSVVTVPSSSLGTQTYICNVNHKPSNTKVDKR
1521,186,5,Y,28,3074.57,0.0,-,YSLSSVVTVPSSSLGTQTYICNVNHKPSNTKVDKR
1522,186,5,Y,29,3173.64,0.0,-,YSLSSVVTVPSSSLGTQTYICNVNHKPSNTKVDKR
1523,186,5,Y,30,3272.71,0.0,-,YSLSSVVTVPSSSLGTQTYICNVNHKPSNTKVDKR
1524,186,5,Y,31,3359.74,0.000191778,-,YSLSSVVTVPSSSLGTQTYICNVNHKPSNTKVDKR
1525,186,5,Y,32,3446.77,0.000213296,-,YSLSSVVTVPSSSLGTQTYICNVNHKPSNTKVDKR
1526,186,5,Y,33,3559.85,0.000619894,-,YSLSSVVTVPSSSLGTQTYICNVNHKPSNTKVDKR
1527,186,5,Y,34,3646.89,0.000129632,-,YSLSSVVTVPSSSLGTQTYICNVNHKPSNTKVDKR
